usgs_id,site_ID,sample_id,visit_id,visit_no,sample_category,cylindrospermopsin,microcystin,saxitoxin
MM-09934A,NLA06608-0203,513393,7660,1,P,0,0,0
MM-09302A,NLA06608-0283,505873,7716,1,P,0,0,0
MM-09178A,NLA06608-0395,505993,7779,1,P,0,0,0
MM-09433A,NLA06608-0459,507703,7811,1,P,0,0.33,0
MM-09573A,NLA06608-0618,507383,7900,1,P,0,0,0
MM-09434A,NLA06608-0651,507373,7919,1,P,0,0,0
MM-09435A,NLA06608-0843,507253,8019,1,P,0,0,0
MM-09175A,NLA06608-1323,505843,8253,1,P,0,0,0
MM-09436A,NLA06608-1871,507273,8467,1,P,0,0,0
MM-09176A,NLA06608-2091,515193,8516,1,P,0,0,0
MM-09572A,NLA06608-2154,506903,8533,1,P,0,0,0
MM-09303A,NLA06608-2187,505983,8539,1,P,0,0,0
MM-09933A,NLA06608-2831,513373,8625,1,P,0,0,0
MM-09177A,NLA06608-2955,506043,8636,1,P,0,0,0
MM-11304A,NLA06608-0080,517203,7570,1,P,0,0,0
MM-11305A,NLA06608-0080,516263,7571,2,P,0,0,0
MM-11306A,NLA06608-0080,516383,7571,2,D,0,0,0
MM-11303A,NLA06608-0176,516273,7641,1,P,0,0,0
MM-11302A,NLA06608-0208,518183,7664,1,P,0,1.5,0
MM-11301A,NLA06608-0436,516633,7798,1,P,0,0,0
MM-11440A,NLA06608-0500,507963,7837,1,P,0,0,0
MM-11043A,NLA06608-1204,516483,8198,1,P,0,0.27,0
MM-11024A,NLA06608-1288,516493,8243,1,P,0,0,0
MM-11022A,NLA06608-1484,517783,8333,1,P,0,0,0
MM-11438A,NLA06608-1808,503763,8445,1,P,0,0,0
MM-11439A,NLA06608-2076,503773,8510,1,P,0,0,0
MM-09119A,NLA06608-0061,502433,7541,1,P,0,0,0
MM-09126A,NLA06608-0061,502713,7541,1,P,0,0,0
MM-11524A,NLA06608-0061,509573,7542,2,P,0.14,0,0
MM-09912A,NLA06608-0127,505603,7607,1,P,0,0,0
MM-11527A,NLA06608-0130,511963,7612,1,P,0,0,0
MM-11522A,NLA06608-0132,511123,7613,1,P,0,0,0
MM-11526A,NLA06608-0569,509873,7872,1,P,0,1,0
MM-09118A,NLA06608-0617,505913,7899,1,P,0,0,0
MM-09117A,NLA06608-0770,502453,7980,1,P,0,0,0
MM-09910A,NLA06608-0809,504373,8000,1,P,0,0,0
MM-09121A,NLA06608-0834,502593,8015,1,P,0.26,0,0
MM-11528A,NLA06608-0836,511443,8016,1,P,0,0,0
MM-09120A,NLA06608-0873,505793,8039,1,P,0,0,0
MM-11529A,NLA06608-0877,509023,8042,1,P,4.4,0,0.02
MM-09911A,NLA06608-0895,514743,8051,1,P,0,0,0
MM-09125A,NLA06608-1129,502703,8164,1,P,0,0,0
MM-09908A,NLA06608-1151,505833,8175,1,P,0,0,0
MM-09909A,NLA06608-1577,502443,8369,1,P,0,0,0
MM-11525A,NLA06608-1593,513893,8374,1,P,0,0,0
MM-09123A,NLA06608-1602,502533,8378,1,P,0,0,0
MM-09124A,NLA06608-1641,505773,8390,1,P,0,0,0
MM-09122A,NLA06608-2217,502483,8542,1,P,0,0,0
MM-11523A,NLA06608-2372,511763,8563,1,P,0,0,0
MM-12534A,NLA06608-0137,508323,7615,1,P,0,0,0
MM-11188A,NLA06608-0173,508073,7637,1,P,0,0.36,0
MM-12535A,NLA06608-0181,517903,7646,1,P,0,0.13,0
MM-12536A,NLA06608-0201,516613,7658,1,P,0,0,0
MM-11194A,NLA06608-0245,507343,7699,1,P,0,0,0
MM-11190A,NLA06608-0373,504833,7768,1,P,0,0,0
MM-11192A,NLA06608-0393,507143,7778,1,P,0,0,0
MM-11193A,NLA06608-0501,507163,7838,1,P,0,0,0
MM-11191A,NLA06608-0565,507513,7871,1,P,0,0,0
MM-12537A,NLA06608-0649,515523,7917,1,P,0,0,0
MM-11195A,NLA06608-0693,507353,7941,1,P,0,0,0
MM-12538A,NLA06608-0713,507763,7948,1,P,0,0,0
MM-11189A,NLA06608-0885,508053,8046,1,P,0,0,0
MM-11186A,NLA06608-1141,505013,8168,1,P,0,0,0
MM-12539A,NLA06608-1269,508333,8233,1,P,0,0.26,0
MM-11187A,NLA06608-1397,510343,8296,1,P,0,0.13,0
MM-12540A,NLA06608-1417,511303,8304,1,P,0,0,0
MM-12541A,NLA06608-1461,516623,8322,1,P,0,0,0
MM-12542A,NLA06608-1481,511293,8330,1,P,0,0,0
MM-12543A,NLA06608-1717,517893,8414,1,P,0,0,0
MM-12544A,NLA06608-1781,515463,8435,1,P,0,0,0
MM-10635A,NLA06608-0004,508553,7473,1,P,0,0,0
MM-11891A,NLA06608-0004,503313,7474,2,P,0,0,0
MM-11890A,NLA06608-0004,508533,7474,2,D,0,0,0
MM-10634A,NLA06608-0068,508563,7552,1,P,0,0,0
MM-11893A,NLA06608-0068,513093,7553,2,P,0,0,0
MM-11892A,NLA06608-0068,513113,7553,2,D,0,0,0
MM-10628A,NLA06608-0079,508583,7568,1,P,0,0,0
MM-11884A,NLA06608-0079,502123,7569,2,P,0,0,0
MM-11883A,NLA06608-0079,503723,7569,2,D,0,0,0
MM-10625A,NLA06608-0228,502283,7683,1,P,0,0,0
MM-10649A,NLA06608-0228,504883,7684,2,P,0,0.11,0
MM-10632A,NLA06608-0228,502293,7683,1,D,0,0,0
MM-10640A,NLA06608-0276,507033,7710,1,P,0,0,0
MM-10651A,NLA06608-0372,502033,7767,1,P,0,0,0
MM-10629A,NLA06608-0452,502233,7806,1,P,0,0,0
MM-10641A,NLA06608-0468,510643,7816,1,P,0,0,0
MM-11889A,NLA06608-0495,513833,7833,1,P,0,0,0
MM-11888A,NLA06608-0511,512203,7845,1,P,0,0,0
MM-10645A,NLA06608-0596,512953,7889,1,P,0,0,0
MM-11886A,NLA06608-0635,513823,7912,1,P,0,0,0
MM-10650A,NLA06608-0687,511853,7937,1,P,0,0,0
MM-10631A,NLA06608-0715,504873,7949,1,P,0,0,0
MM-10633A,NLA06608-0827,504893,8010,1,P,0,0,0
MM-10637A,NLA06608-0864,503323,8032,1,P,0,0,0.05
MM-10644A,NLA06608-0880,512943,8044,1,P,0,0,0
MM-10638A,NLA06608-0916,512963,8060,1,P,0,0,0
MM-10630A,NLA06608-1083,503303,8141,1,P,0,3.2,0
MM-10648A,NLA06608-1147,507553,8172,1,P,0,7.5,0
MM-11887A,NLA06608-1339,505063,8262,1,P,0,0,0.06
MM-10636A,NLA06608-1403,505123,8300,1,P,0,0,0
MM-10646A,NLA06608-1455,511873,8320,1,P,0,0,0
MM-10627A,NLA06608-1476,502273,8329,1,P,0,0,0
MM-10642A,NLA06608-1483,510663,8332,1,P,0,0,0
MM-10626A,NLA06608-1595,502303,8375,1,P,0,0,0
MM-10639A,NLA06608-1675,508593,8399,1,P,0,0,0.02
MM-10643A,NLA06608-1739,513303,8421,1,P,0,0,0
MM-10647A,NLA06608-1748,507443,8425,1,P,0,0,0
MM-11885A,NLA06608-1851,505073,8458,1,P,0,0,0
MM-10029A,NLA06608-0006,508843,7477,1,P,0,0.18,0
MM-11579A,NLA06608-0006,510043,7478,2,P,0,0.48,0
MM-11578A,NLA06608-0006,513973,7478,2,D,0,0.57,0
MM-10028A,NLA06608-0037,508833,7516,1,P,0,0.14,0
MM-11581A,NLA06608-0037,516693,7517,2,P,0,0.11,0
MM-11580A,NLA06608-0037,517833,7517,2,D,0,0,0
MM-11575A,NLA06608-0101,512223,7588,1,P,0,0,0
MM-10031A,NLA06608-0134,508133,7614,1,P,0,0,0
MM-10034A,NLA06608-0242,513533,7696,1,P,0,0,0
MM-10032A,NLA06608-0293,508823,7723,1,P,0,0,0
MM-11574A,NLA06608-0326,509823,7739,1,P,0,0,0
MM-10033A,NLA06608-0498,512213,7836,1,P,0,0,0
MM-10030A,NLA06608-0582,508143,7878,1,P,0,0,0.02
MM-11576A,NLA06608-0805,509353,7996,1,P,0,0,0
MM-11573A,NLA06608-0946,509103,8078,1,P,0,0,0
MM-11572A,NLA06608-1010,513013,8112,1,P,0,0.58,0
MM-11571A,NLA06608-1125,513253,8163,1,P,0,0,0
MM-11577A,NLA06608-1414,509093,8303,1,P,0,0,0
MM-09355A,NLA06608-0029,505093,7508,1,P,0,0.17,0
MM-11517A,NLA06608-0029,505133,7509,2,P,0,0,0
MM-11518A,NLA06608-0029,505353,7509,2,D,0,0,0
MM-11516A,NLA06608-0141,505343,7618,1,P,0,0.1,0.05
MM-09939A,NLA06608-0285,504583,7718,1,P,0,0.19,0
MM-09354A,NLA06608-0717,514423,7950,1,P,0,0.9,0
MM-09940A,NLA06608-1421,510323,8306,1,P,0,0.13,0.03
MM-09356A,NLA06608-1741,505083,8423,1,P,0,2,0
MM-09357A,NLA06608-2253,505113,8547,1,P,0,0,0
MM-09938A,NLA06608-2333,503683,8558,1,P,0,0,0
MM-09613A,NLA06608-0069,507323,7554,1,P,0,0,0
MM-11601A,NLA06608-0069,511273,7555,2,P,0,0,0
MM-11600A,NLA06608-0069,512393,7555,2,D,0,0,0
MM-10664A,NLA06608-0161,513683,7629,1,P,0,0,0
MM-09612A,NLA06608-0325,507853,7738,1,P,0,0.4,0
MM-09958A,NLA06608-0453,507183,7807,1,P,0,0,0
MM-09941A,NLA06608-0609,502043,7894,1,P,0,6.3,0
MM-11550A,NLA06608-0709,507863,7944,1,P,0,3.6,0
MM-11380A,NLA06608-0865,511743,8033,1,P,0,0.75,0
MM-10665A,NLA06608-1185,502053,8191,1,P,0.05,0.35,0
MM-10869A,NLA06608-1349,512573,8268,1,P,0.12,0.19,0.02
MM-09339A,NLA06608-1413,503123,8302,1,P,0,0.47,0
MM-10663A,NLA06608-1569,502063,8365,1,P,0,0,0
MM-09340A,NLA06608-1733,503113,8418,1,P,0,1.3,0
MM-11378A,NLA06608-1825,511493,8452,1,P,0,0,0
MM-09957A,NLA06608-1861,507193,8461,1,P,0,0,0
MM-08961A,NLA06608-2074,503103,8509,1,P,0,2.6,0
MM-11599A,NLA06608-2117,503183,8526,1,P,0,0.43,0
MM-10868A,NLA06608-2565,513653,8588,1,P,0,0,0
MM-09942A,NLA06608-2593,502023,8591,1,P,0.05,0.16,0
MM-09338A,NLA06608-2629,503173,8596,1,P,0.06,0.16,0.07
MM-11379A,NLA06608-2657,513663,8601,1,P,0.07,0,0.02
MM-10867A,NLA06608-3169,511923,8649,1,P,0,0,0
MM-10048A,NLA06608-FL:107895579,513803,8817,1,P,0.06,0,0
MM-10049A,NLA06608-FL:16674741,511903,8818,1,P,0,0,0
MM-10051A,NLA06608-FL:18261987,512843,8819,1,P,0,0,0
MM-10050A,NLA06608-FL:99324403,513723,8820,1,P,0,0,0
MM-10052A,NLA06608-FL:99344895,508923,8821,1,P,0,0,0
MM-09750A,NLA06608-0207,503073,7662,1,P,0,0,0
MM-11246A,NLA06608-0207,504073,7663,2,P,0,0,0
MM-11247A,NLA06608-0207,509203,7663,2,D,0,0,0
MM-12379A,NLA06608-0223,502913,7676,1,P,0,0,0
MM-11244A,NLA06608-0223,502823,7677,2,P,0,0,0
MM-11243A,NLA06608-0223,504353,7677,2,D,0,0,0
MM-10811A,NLA06608-0253,508443,7701,1,P,0,0.1,0
MM-09752A,NLA06608-0458,502883,7810,1,P,0,0.41,0
MM-10810A,NLA06608-0530,508453,7853,1,P,0.05,0.55,0.17
MM-10813A,NLA06608-0591,503043,7885,1,P,0,0.27,0
MM-10812A,NLA06608-0594,502813,7887,1,P,0,0.14,0
MM-09749A,NLA06608-0815,505333,8003,1,P,0,0,0
MM-11918A,NLA06608-0943,512783,8076,1,P,0,0,0
MM-11242A,NLA06608-1039,508003,8125,1,P,0,0.53,0
MM-09748A,NLA06608-1469,502853,8327,1,P,0,0,0
MM-09751A,NLA06608-1482,502833,8331,1,P,0,0.19,0
MM-11245A,NLA06608-1711,509293,8411,1,P,0.1,0,0
MM-11919A,NLA06608-1839,509683,8455,1,P,0,0,0
MM-12020A,NLA06608-0008,513443,7481,1,P,0,0,0.03
MM-12018A,NLA06608-0008,513933,7482,2,P,0,0,0.02
MM-12008A,NLA06608-0860,506943,8028,1,P,0,0,0
MM-12019A,NLA06608-0860,513423,8029,2,P,0,0,0
MM-12013A,NLA06608-0904,507823,8054,1,P,0,0,0
MM-12012A,NLA06608-0968,502103,8086,1,P,0,0,0
MM-12016A,NLA06608-1015,513943,8115,1,P,0,0.4,0
MM-12015A,NLA06608-1035,508043,8121,1,P,0,3.7,0
MM-12009A,NLA06608-1223,507173,8211,1,P,0,0.67,0
MM-12021A,NLA06608-1268,507503,8232,1,P,0,0.11,0
MM-12014A,NLA06608-1271,507153,8235,1,P,0,0.34,0.28
MM-12023A,NLA06608-1460,508023,8321,1,P,0,0,0
MM-12007A,NLA06608-1527,513863,8351,1,P,0,0.37,0
MM-12010A,NLA06608-1544,507533,8356,1,P,0,1.7,0
MM-12024A,NLA06608-1736,507833,8420,1,P,0,2.4,0
MM-12022A,NLA06608-1884,507523,8472,1,P,0,0.38,0
MM-12017A,NLA06608-1975,513763,8489,1,P,0,0.14,0
MM-12025A,NLA06608-2036,508033,8502,1,P,0,0.11,0
MM-12011A,NLA06608-2039,513473,8504,1,P,0,38,0
MM-12006A,NLA06608-2056,513433,8506,1,P,0,4.3,0
MM-11906A,NLA06608-R715,512653,8885,1,P,0,0.63,0
MM-11907A,NLA06608-R716,512493,8886,1,P,0,0,0
MM-09920A,NLA06608-0005,502963,7475,1,P,0,0,0
MM-10860A,NLA06608-0005,511073,7476,2,P,0,0,0
MM-10859A,NLA06608-0005,517313,7476,2,D,0,0,0
MM-09393A,NLA06608-0085,503053,7576,1,P,0,0.14,0
MM-10862A,NLA06608-0085,511463,7577,2,P,0,0,0
MM-10861A,NLA06608-0085,511733,7577,2,D,0,0,0
MM-10864A,NLA06608-0241,502993,7695,1,P,0,0,0
MM-09922A,NLA06608-0277,502973,7711,1,P,0,0,0
MM-10863A,NLA06608-0497,511843,7835,1,P,0,0,0
MM-10547A,NLA06608-0561,513753,7867,1,P,0,0,0
MM-09392A,NLA06608-0581,503023,7877,1,P,0,0,0
MM-09391A,NLA06608-0597,502893,7890,1,P,0,0,0
MM-09924A,NLA06608-0650,507043,7918,1,P,0,0,0
MM-09779A,NLA06608-0769,510923,7979,1,P,0,0.14,0
MM-09921A,NLA06608-0837,503033,8017,1,P,0,0,0
MM-09780A,NLA06608-0961,510913,8083,1,P,0,0,0
MM-09774A,NLA06608-1281,506503,8240,1,P,0,0,0
MM-10546A,NLA06608-1329,512483,8255,1,P,0,0,0
MM-09777A,NLA06608-1473,510903,8328,1,P,0,0,0
MM-10865A,NLA06608-1521,510593,8349,1,P,0,0.75,0
MM-09771A,NLA06608-1537,505613,8354,1,P,0,0,0
MM-09778A,NLA06608-1793,510273,8440,1,P,0,0,0
MM-09923A,NLA06608-1930,507203,8481,1,P,0,0,0
MM-09776A,NLA06608-1985,507743,8491,1,P,0,0,0
MM-10544A,NLA06608-1989,512683,8492,1,P,0,0,0
MM-09395A,NLA06608-2005,502953,8496,1,P,0,0,0
MM-09772A,NLA06608-2305,506063,8555,1,P,0,0,0
MM-09773A,NLA06608-2497,505673,8579,1,P,0,0,0
MM-10543A,NLA06608-2801,502003,8621,1,P,0,0,0
MM-09925A,NLA06608-2954,511863,8635,1,P,0,6.1,0
MM-10545A,NLA06608-3121,513613,8644,1,P,0,0.2,0
MM-09394A,NLA06608-3157,503013,8647,1,P,0,0,0
MM-10866A,NLA06608-3313,511053,8653,1,P,0,0,0
MM-09775A,NLA06608-3329,505633,8655,1,P,0,0,0
MM-10967A,NLA06608-R10BULLTR,515613,8853,1,P,0,0,0
MM-10965A,NLA06608-R10CAPEHO,515763,8854,1,P,0,0,0
MM-10966A,NLA06608-R10YELLOW,515623,8863,1,P,0,0,0
MM-09254A,NLA06608-0020,515213,7498,1,P,0,0,0
MM-09261A,NLA06608-0020,503373,7499,2,P,0,0,0
MM-09260A,NLA06608-0020,503433,7499,2,D,0,0,0.02
MM-10774A,NLA06608-0036,513203,7514,1,P,0.06,0,0
MM-10776A,NLA06608-0036,513153,7515,2,P,0.17,0,0
MM-10777A,NLA06608-0036,513173,7515,2,D,0.16,0,0
MM-09262A,NLA06608-0112,502263,7597,1,P,0,0.58,0.02
MM-10781A,NLA06608-0155,503863,7627,1,P,0,0.29,0
MM-09256A,NLA06608-0196,502323,7656,1,P,0,0,0.11
MM-09253A,NLA06608-0624,503403,7905,1,P,0,0,0
MM-10779A,NLA06608-0672,503843,7930,1,P,0,0.13,0
MM-09255A,NLA06608-0900,502313,8053,1,P,0,0,0.02
MM-10775A,NLA06608-0980,513193,8092,1,P,0,1.3,0
MM-10785A,NLA06608-1060,506863,8137,2,P,0,0.23,0
MM-10786A,NLA06608-1060,509393,8136,1,P,0,0.2,0
MM-10787A,NLA06608-1060,510063,8137,2,D,0,0.16,0
MM-09257A,NLA06608-1108,503413,8153,1,P,0,0.1,0
MM-09259A,NLA06608-1108,502333,8154,2,P,0,0.19,0
MM-09258A,NLA06608-1108,503393,8154,2,D,0,0.29,0
MM-10780A,NLA06608-1115,513183,8158,1,P,0,0.2,0
MM-10782A,NLA06608-1179,503973,8188,1,P,0,0,0.03
MM-10783A,NLA06608-1435,503833,8311,1,P,0,1.6,0
MM-10778A,NLA06608-1532,503853,8353,1,P,0,1.5,0.08
MM-10784A,NLA06608-1724,503383,8417,1,P,0,0.27,0
MM-10788A,NLA06608-1840,509483,8456,1,P,0,0.2,0
MM-10655A,NLA06608-0043,512703,7524,1,P,0,0,0
MM-10819A,NLA06608-0043,513103,7525,2,P,0,0,0
MM-10825A,NLA06608-0091,509983,7585,2,P,0,1,0
MM-12383A,NLA06608-0091,514973,7584,1,P,0,1.8,0
MM-09761A,NLA06608-0107,514703,7594,1,P,0,0,0
MM-09899A,NLA06608-0139,504413,7616,1,P,0,0.16,0
MM-10167A,NLA06608-0148,503893,7622,1,P,0,0,0
MM-09901A,NLA06608-0212,513033,7668,1,P,0,0,0
MM-10656A,NLA06608-0219,511573,7672,1,P,0,3.4,0.06
MM-09905A,NLA06608-0235,514993,7688,1,P,0,0.81,0
MM-10168A,NLA06608-0299,513953,7727,1,P,0,0.25,0
MM-09904A,NLA06608-0491,512813,7830,1,P,0,1.2,0
MM-10172A,NLA06608-0555,506933,7864,1,P,0,0,0
MM-09764A,NLA06608-0587,513903,7881,1,P,0,0.31,0
MM-10820A,NLA06608-0587,511603,7882,2,P,0,0.17,0
MM-09907A,NLA06608-0660,514323,7924,1,P,0,0,0
MM-10816A,NLA06608-0724,513983,7955,1,P,0,0,0
MM-10654A,NLA06608-0731,509733,7958,1,P,0,0.14,0
MM-10169A,NLA06608-0811,507773,8001,1,P,0,0,0
MM-10164A,NLA06608-0971,511503,8088,1,P,0,0,0
MM-10170A,NLA06608-0987,513513,8097,1,P,0,0.68,0.04
MM-09760A,NLA06608-1131,506653,8166,1,P,0,0.84,0
MM-09765A,NLA06608-1163,504613,8179,1,P,0,0.25,0
MM-09770A,NLA06608-1172,505263,8184,1,P,0,0,0
MM-09769A,NLA06608-1195,504603,8195,1,P,0,0.4,0
MM-10818A,NLA06608-1199,512753,8197,1,P,0,1.1,0.24
MM-09762A,NLA06608-1227,514953,8213,1,P,0,0,0
MM-10657A,NLA06608-1243,509763,8221,1,P,0,0.74,0.04
MM-09768A,NLA06608-1355,504523,8270,1,P,0,0.27,0
MM-10821A,NLA06608-1355,507313,8271,2,P,0,0.17,0
MM-09766A,NLA06608-1492,504503,8337,1,P,0,2.7,0
MM-10653A,NLA06608-1499,513873,8340,1,P,0,0.16,0
MM-10824A,NLA06608-1556,511583,8357,1,P,0,0,0
MM-10166A,NLA06608-1579,507453,8371,1,P,0,0.39,0
MM-09767A,NLA06608-1684,504853,8401,1,P,0,0.11,0
MM-10815A,NLA06608-1684,515553,8402,2,P,0,0.12,0
MM-10823A,NLA06608-1755,513523,8427,1,P,0,0.21,0
MM-10163A,NLA06608-1835,507543,8453,1,P,0,0,0
MM-09900A,NLA06608-1867,512823,8465,1,P,0,0.6,0
MM-10662A,NLA06608-1908,509403,8478,1,P,0.51,0.1,0
MM-10165A,NLA06608-2155,511513,8534,1,P,0,0,0
MM-10817A,NLA06608-2196,511373,8541,1,P,0.95,0.34,0.18
MM-09763A,NLA06608-2219,506663,8543,1,P,0,0,0
MM-10660A,NLA06608-2267,513023,8550,1,P,0,1.1,0.07
MM-09906A,NLA06608-2283,514983,8553,1,P,0,0,0
MM-09902A,NLA06608-2507,512153,8580,1,P,0,0.21,0
MM-10661A,NLA06608-2523,512093,8582,1,P,0,0,0
MM-10814A,NLA06608-2644,512143,8599,1,P,0,0.7,0
MM-10652A,NLA06608-2708,512733,8607,1,P,0,0.11,0
MM-09898A,NLA06608-2779,512793,8616,1,P,0,0.11,0
MM-09903A,NLA06608-2891,512763,8632,1,P,0,0.33,0
MM-10658A,NLA06608-2916,510613,8633,1,P,0.12,0,0
MM-10659A,NLA06608-2987,513603,8638,1,P,0,3.3,0
MM-10171A,NLA06608-3035,507463,8641,1,P,0,0.17,0
MM-10822A,NLA06608-3147,504203,8645,1,P,0,0.4,0
MM-10535A,NLA06608-IN:646,512473,8822,1,P,0,0,0
MM-09294A,NLA06608-0104,506353,7590,1,P,0,0,0
MM-10215A,NLA06608-0104,512343,7591,2,P,0,0,0
MM-10214A,NLA06608-0104,512353,7591,2,D,0,0,0
MM-09295A,NLA06608-0140,514853,7617,1,P,0,0,0
MM-09296A,NLA06608-0168,514293,7633,1,P,0,1.9,0
MM-09297A,NLA06608-0184,514933,7648,1,P,0,0,0
MM-10219A,NLA06608-0312,514563,7732,1,P,0,0,0
MM-10220A,NLA06608-0488,504923,7827,1,P,0,0,0
MM-10221A,NLA06608-0588,505393,7883,1,P,0,0,0
MM-09289A,NLA06608-0632,514943,7910,1,P,0,0,0
MM-09290A,NLA06608-0720,514573,7952,1,P,0,0,0
MM-10224A,NLA06608-0744,504763,7964,1,P,0,0,0
MM-09292A,NLA06608-0872,505763,8038,1,P,0,0,0
MM-09299A,NLA06608-1036,514543,8122,1,P,0,0,0
MM-09300A,NLA06608-1052,505053,8130,1,P,0,0,0
MM-09301A,NLA06608-1100,504913,8148,1,P,0,0,0
MM-10226A,NLA06608-1208,506073,8201,1,P,0,1.1,0
MM-10229A,NLA06608-1208,512643,8202,2,P,0,0.31,0.05
MM-10230A,NLA06608-1208,512673,8202,2,D,0,0.28,0
MM-10232A,NLA06608-1256,512373,8225,1,P,0,0,0
MM-10227A,NLA06608-1292,505713,8244,1,P,0,0,0
MM-10233A,NLA06608-1824,512313,8451,1,P,0,0,0
MM-11904A,NLA06608-R723,508643,8887,1,P,0,0,0
MM-11903A,NLA06608-R728,511543,8888,1,P,0,0,0
MM-11895A,NLA06608-R730,508663,8889,1,P,0,0,0
MM-11894A,NLA06608-R733,508543,8890,1,P,0,0,0
MM-11896A,NLA06608-R736,508863,8891,1,P,0,0,0
MM-11897A,NLA06608-R746,508633,8892,1,P,0,0,0
MM-11898A,NLA06608-R750,508623,8893,1,P,0,0.47,0
MM-11899A,NLA06608-R759,508653,8894,1,P,0,0,0.02
MM-11905A,NLA06608-R764,508713,8895,1,P,0,0,0
MM-10948A,NLA06608-0388,515783,7775,1,P,0,0,0
MM-10958A,NLA06608-0388,515583,7776,2,P,0,0,0
MM-10957A,NLA06608-0388,517633,7776,2,D,0,0,0
MM-10956A,NLA06608-0447,509723,7804,1,P,0,0,0
MM-10951A,NLA06608-0804,515423,7995,1,P,0.15,0,0
MM-10950A,NLA06608-0868,515403,8034,1,P,0,1.3,0
MM-10954A,NLA06608-1263,509133,8230,1,P,0,0,0
MM-10949A,NLA06608-1316,515603,8250,1,P,0,0,0
MM-10953A,NLA06608-1332,515813,8256,1,P,0,0,0
MM-10952A,NLA06608-1572,515693,8366,1,P,0.71,0,0.12
MM-10955A,NLA06608-1775,515753,8433,1,P,0,0.22,0
MM-10959A,NLA06608-1812,515573,8448,1,P,0,0,0
MM-11296A,NLA06608-0071,516523,7556,1,P,0,1.2,0
MM-11297A,NLA06608-0071,518013,7557,2,P,0,0.76,0
MM-11295A,NLA06608-0071,516983,7556,1,D,0,1.1,0
MM-11013A,NLA06608-0328,512693,7741,1,P,0,0,0
MM-11435A,NLA06608-0328,507993,7742,2,P,0,0.16,0
MM-11436A,NLA06608-0328,511423,7742,2,D,0,0.17,0
MM-11430A,NLA06608-0711,517143,7946,1,P,0,0,0
MM-11015A,NLA06608-1608,516873,8379,1,P,0,0.1,0
MM-11431A,NLA06608-1735,517193,8419,1,P,0,0,0
MM-11014A,NLA06608-1800,517683,8441,1,P,0,0,0
MM-11293A,NLA06608-1863,517163,8463,1,P,0,0,0
MM-11434A,NLA06608-2092,510723,8517,1,P,0,1.7,0
MM-11433A,NLA06608-2524,504093,8583,1,P,0,0,0
MM-11294A,NLA06608-2823,516513,8623,1,P,0,0,0
MM-11437A,NLA06608-3911,508343,8665,1,P,0,0.17,0.03
MM-11432A,NLA06608-4650,510673,8679,1,P,0,0,0
MM-11429A,NLA06608-4686,507973,8681,1,P,0,0,0
MM-11441A,NLA06608-4698,508353,8682,1,P,0,0,0.04
MM-09844A,NLA06608-0198,510653,7657,1,P,0,0,0
MM-09860A,NLA06608-0354,505473,7757,1,P,0,0.75,0
MM-09841A,NLA06608-0357,507023,7759,1,P,0,0,0
MM-09864A,NLA06608-0454,503813,7808,1,P,0,0,0
MM-09840A,NLA06608-0546,513133,7860,1,P,0,0,0
MM-09862A,NLA06608-0674,503963,7931,1,P,0,0,0
MM-09867A,NLA06608-0710,503943,7945,1,P,0,0,0
MM-09842A,NLA06608-0754,505443,7969,1,P,0,0,0
MM-09850A,NLA06608-0802,513993,7994,1,P,0,0,0
MM-09866A,NLA06608-1122,507363,8161,1,P,0,0,0
MM-10790A,NLA06608-1222,504273,8210,1,P,0,0.94,0
MM-09858A,NLA06608-ELS:1D1-035,503983,8799,1,P,0,0,0
MM-09849A,NLA06608-ELS:1D2-087,503673,8800,1,P,0,0,0
MM-11332A,NLA06608-1389,507083,8291,1,P,0,0.11,0
MM-11331A,NLA06608-1389,508363,8292,2,P,0,0,0
MM-11330A,NLA06608-1389,508743,8292,2,D,0,0,0
MM-10054A,NLA06608-1538,503693,8355,1,P,0,0,0
MM-11333A,NLA06608-1821,507093,8450,1,P,0,0.55,0.17
MM-10053A,NLA06608-2114,507103,8525,1,P,0,0,0
MM-10055A,NLA06608-R31,508433,8864,1,P,0,0.14,0
MM-12228A,NLA06608-R32,513263,8869,1,P,0,0,0
MM-10793A,NLA06608-0102,513343,7589,1,P,0,0,0
MM-10792A,NLA06608-0150,509933,7624,1,P,0,0.47,0
MM-11420A,NLA06608-0401,513083,7781,1,P,0,0.43,0
MM-11424A,NLA06608-0657,513623,7921,1,P,0,0,0
MM-11422A,NLA06608-0913,508993,8057,1,P,0,0.32,0
MM-10796A,NLA06608-0914,509313,8058,1,P,0,0,0
MM-10804A,NLA06608-0918,506853,8061,1,P,0,0,0
MM-10805A,NLA06608-1174,508293,8185,1,P,0,0,0
MM-10806A,NLA06608-1238,512113,8216,1,P,0,0,0
MM-11414A,NLA06608-1558,508813,8358,1,P,0,0,0
MM-10807A,NLA06608-ACAD_LAKES_0435,513453,8687,1,P,0,0,0
MM-10797A,NLA06608-ALPS-1218,509963,8795,1,P,0,0,0
MM-10808A,NLA06608-ELS:1C3-003,511363,8798,1,P,0,0,0
MM-10794A,NLA06608-ELS:1E1-052,509033,8801,1,P,0,0,0
MM-10799A,NLA06608-ELS:1E1-096,510213,8802,1,P,0,0,0
MM-10800A,NLA06608-ELS:1E1-128,508173,8803,1,P,0,0,0
MM-10801A,NLA06608-ELS:1E2-027,506813,8804,1,P,0,0,0
MM-10798A,NLA06608-ELS:1E3-002,508193,8805,1,P,0,0.98,0
MM-11418A,NLA06608-ELS:1E3-012,503953,8806,1,P,0,0,0
MM-10809A,NLA06608-ELS:1E3-071,508183,8807,1,P,0,2.9,0
MM-11423A,NLA06608-EMAP:ME011L,504533,8812,1,P,0,0,0
MM-11427A,NLA06608-EMAP:ME012L,508783,8813,1,P,0,0,0
MM-11425A,NLA06608-EMAP:ME254L,509053,8814,1,P,0,0,0
MM-10802A,NLA06608-EMAP:ME263L,509973,8815,1,P,0,0,0
MM-10803A,NLA06608-EMAP:ME518L,507843,8816,1,P,0,0,0
MM-10795A,NLA06608-NELP-0253,511613,8837,1,P,0,0,0
MM-11417A,NLA06608-NELP-0955,505593,8838,1,P,0,0,0
MM-10791A,NLA06608-NELP-1041,509943,8839,1,P,0,0,0
MM-11415A,NLA06608-NELP-1330,508753,8840,1,P,0,0,0
MM-11416A,NLA06608-NELP-2155,511093,8841,1,P,0,0,0
MM-11426A,NLA06608-NELP-3355,512263,8842,1,P,0,0,0
MM-11412A,NLA06608-NELP-3586,510493,8843,1,P,0,0,0
MM-09480A,NLA06608-0010,503793,7483,1,P,0,0,0
MM-10772A,NLA06608-0010,515313,7484,2,P,0,0,0
MM-10773A,NLA06608-0010,515413,7484,2,D,0,0,0
MM-11583A,NLA06608-0170,517443,7636,1,P,0,0.38,0
MM-10854A,NLA06608-0234,515563,7687,1,P,0,0.31,0
MM-11564A,NLA06608-0286,509563,7719,1,P,0,0,0
MM-11298A,NLA06608-0330,510993,7743,1,P,0,0,0
MM-09484A,NLA06608-0363,511523,7763,1,P,0,0.76,0
MM-09479A,NLA06608-0399,507903,7780,1,P,0,0.15,0
MM-11511A,NLA06608-0426,516393,7794,1,P,0,0.53,0
MM-11568A,NLA06608-0462,509653,7812,1,P,0,0,0
MM-10850A,NLA06608-0463,515383,7813,1,P,0,0.21,0
MM-10771A,NLA06608-0502,515733,7839,1,P,0,1.8,0
MM-09482A,NLA06608-0619,503933,7901,1,P,0,0,0
MM-10078A,NLA06608-0630,507213,7909,1,P,0,0.11,0
MM-10081A,NLA06608-0734,507223,7960,1,P,0,0,0
MM-11139A,NLA06608-0874,511153,8040,1,P,0,0,0
MM-11510A,NLA06608-0875,510573,8041,1,P,0,0.52,0
MM-10179A,NLA06608-0938,512433,8073,1,P,0,2.4,0
MM-10082A,NLA06608-0974,510683,8090,1,P,0,0,0
MM-09486A,NLA06608-1003,512623,8107,1,P,0,0.11,0
MM-11508A,NLA06608-1014,510783,8114,1,P,0,0,0
MM-10770A,NLA06608-1034,515363,8120,1,P,0,0,0
MM-10852A,NLA06608-1130,503803,8165,1,P,0,0.53,0
MM-11299A,NLA06608-1162,517883,8178,1,P,0,0,0
MM-11582A,NLA06608-1167,517373,8182,1,P,0,1.7,0
MM-10085A,NLA06608-1206,504043,8199,1,P,0,0,0
MM-10853A,NLA06608-1258,515323,8226,1,P,0,0,0
MM-10177A,NLA06608-1334,504263,8258,1,P,0,3.4,0
MM-10769A,NLA06608-1334,515333,8259,2,P,0,2.4,0
MM-10768A,NLA06608-1334,515353,8259,2,D,0,2,0
MM-11566A,NLA06608-1358,517463,8273,1,P,0,0,0
MM-11565A,NLA06608-1358,517453,8274,2,P,0,0,0
MM-11140A,NLA06608-1370,511233,8282,1,P,0,5.1,0.16
MM-09483A,NLA06608-1387,504223,8290,1,P,0,0.19,0
MM-11567A,NLA06608-1398,509623,8297,1,P,0,0,0
MM-10178A,NLA06608-1434,513583,8310,1,P,0,0,0
MM-09623A,NLA06608-1450,512563,8317,1,P,0,0.16,0.04
MM-10851A,NLA06608-1487,515393,8334,1,P,0,0.12,0
MM-11138A,NLA06608-1515,511683,8347,1,P,0,5.4,0
MM-10180A,NLA06608-1626,504323,8383,1,P,0,0,0
MM-09481A,NLA06608-1643,503783,8391,1,P,0,0,0
MM-10080A,NLA06608-1654,504673,8394,1,P,0,0,0
MM-09478A,NLA06608-1679,507913,8400,1,P,0,0,0
MM-11300A,NLA06608-1690,510963,8404,1,P,0,0,0
MM-11512A,NLA06608-1706,516293,8409,1,P,0,0,0
MM-09485A,NLA06608-1707,510473,8410,1,P,0,0,0
MM-10083A,NLA06608-1742,508093,8424,1,P,0,0,0
MM-10079A,NLA06608-1758,507813,8428,1,P,0,0,0
MM-11137A,NLA06608-1771,511673,8431,1,P,0,0,0
MM-11509A,NLA06608-1782,510563,8436,1,P,0,2.1,0
MM-11507A,NLA06608-1802,510793,8442,1,P,0,0,0
MM-10086A,NLA06608-1910,510693,8479,1,P,0,1.2,0
MM-10084A,NLA06608-1998,513403,8494,1,P,0,0,0
MM-11569A,NLA06608-1998,515533,8495,2,P,0,0,0
MM-11570A,NLA06608-2078,510243,8511,1,P,0,0,0
MM-10960A,NLA06608-ELS:2B2-008,503563,8808,1,P,0,0,0
MM-10536A,NLA06608-MI:7007,510463,8823,1,P,0,0,0
MM-10962A,NLA06608-R5:KATHRYN,512123,8879,1,P,0,0,0
MM-10961A,NLA06608-R5:OTTAWA,503583,8880,1,P,0,0,0
MM-10550A,NLA06608-0110,512553,7595,1,P,0,0,0
MM-09825A,NLA06608-0167,506743,7631,1,P,0,1.6,0
MM-11076A,NLA06608-0167,506153,7632,2,P,0,1.1,0
MM-11077A,NLA06608-0167,509813,7632,2,D,0,1.3,0
MM-09831A,NLA06608-0174,506283,7638,1,P,0,0.42,0
MM-11075A,NLA06608-0174,503623,7639,2,P,0,0.94,0
MM-11074A,NLA06608-0174,515373,7639,2,D,0,0.8,0
MM-11079A,NLA06608-0190,507693,7652,1,P,0,0,0
MM-10538A,NLA06608-0211,511773,7667,1,P,0,3.3,0
MM-11071A,NLA06608-0215,510253,7669,1,P,0,6.1,0
MM-09364A,NLA06608-0238,503633,7692,1,P,0,0,0
MM-10562A,NLA06608-0279,502113,7712,1,P,0,3.6,0
MM-09464A,NLA06608-0318,505973,7734,1,P,0,0.1,0
MM-10551A,NLA06608-0366,502093,7764,1,P,0,0,0
MM-10537A,NLA06608-0403,508413,7784,1,P,0,0,0
MM-09363A,NLA06608-0494,503613,7832,1,P,0,0,0
MM-09466A,NLA06608-0526,506673,7850,1,P,0,0,0
MM-11073A,NLA06608-0551,509443,7863,1,P,0,0.94,0
MM-10564A,NLA06608-0558,506963,7865,1,P,0,0,0
MM-09830A,NLA06608-0622,504493,7903,1,P,0,0,0
MM-09156A,NLA06608-0679,506443,7934,1,P,0,0.86,0
MM-09359A,NLA06608-0686,506423,7936,1,P,0,0,0
MM-09155A,NLA06608-0743,515223,7963,1,P,0,0,0
MM-10560A,NLA06608-0759,506753,7973,1,P,0,1.7,0
MM-11070A,NLA06608-0771,507793,7981,1,P,0.05,4.5,0
MM-10552A,NLA06608-0782,507413,7985,1,P,0,0,0
MM-09361A,NLA06608-0871,506403,8037,1,P,0,0.92,0
MM-10553A,NLA06608-0878,502143,8043,1,P,0,0.6,0
MM-10548A,NLA06608-0890,507433,8048,1,P,0,0,0
MM-10561A,NLA06608-0915,511533,8059,1,P,0,0,0
MM-10557A,NLA06608-0935,503603,8072,1,P,0,1.4,0
MM-09360A,NLA06608-0942,503283,8075,1,P,0,0,0
MM-11078A,NLA06608-0958,507883,8082,1,P,0,0.21,0
MM-10549A,NLA06608-0990,502013,8099,1,P,0,0,0
MM-10555A,NLA06608-1018,507483,8117,1,P,0,0,0
MM-10556A,NLA06608-1038,507873,8124,1,P,0,0,0
MM-09468A,NLA06608-1102,504473,8150,1,P,0,0,0
MM-09362A,NLA06608-1111,505543,8155,1,P,0,4,0
MM-10559A,NLA06608-1134,511553,8167,1,P,0,3.7,0
MM-09465A,NLA06608-1150,505663,8174,1,P,0,0,0
MM-11072A,NLA06608-1175,507803,8186,1,P,0,4.2,0
MM-09832A,NLA06608-1198,506683,8196,1,P,0,0,0
MM-09826A,NLA06608-1239,506723,8217,1,P,0,0.58,0
MM-09358A,NLA06608-1262,506713,8229,1,P,0,0.18,0.04
MM-10554A,NLA06608-1274,506983,8237,1,P,0,0,0
MM-09157A,NLA06608-1283,506293,8241,1,P,0,0.2,0
MM-10563A,NLA06608-1303,505533,8248,1,P,0,6.6,0
MM-10558A,NLA06608-1326,506643,8254,1,P,0,0.21,0
MM-09463A,NLA06608-1342,506333,8263,1,P,0,0,0
MM-09467A,NLA06608-1347,506693,8266,1,P,0,0,0
MM-11069A,NLA06608-1383,509713,8288,1,P,0,3.4,0
MM-09829A,NLA06608-1390,503593,8293,1,P,0,0,0
MM-09828A,NLA06608-1447,503423,8316,1,P,0,0,0
MM-09827A,NLA06608-1454,503273,8319,1,P,0,0.46,0
MM-10541A,NLA06608-ELS:2D3-008,511723,8811,1,P,0,0,0
MM-10539A,NLA06608-MN:03-0029,508253,8824,1,P,0,0.11,0
MM-11628A,NLA06608-MN:06-0002,507983,8825,1,P,0,0.25,0
MM-10542A,NLA06608-MN:11-0102,511653,8826,1,P,0,0,0
MM-10540A,NLA06608-MN:15-0010,508243,8827,1,P,0,0.14,0
MM-11631A,NLA06608-MN:22-0074,517983,8828,1,P,0,0.94,0
MM-11635A,NLA06608-MN:49-0140,518043,8829,1,P,0,0,0
MM-11627A,NLA06608-MN:51-0063,510743,8830,1,P,0,3.5,0
MM-11634A,NLA06608-MN:56-0306,516733,8831,1,P,0,0.1,0
MM-11636A,NLA06608-MN:61-0037,517993,8832,1,P,0,0.22,0
MM-11632A,NLA06608-MN:74-0023,516253,8833,1,P,0,0.25,0
MM-11629A,NLA06608-MN:75-0200,506513,8834,1,P,0,3.5,0
MM-11633A,NLA06608-MN:77-0019,516363,8835,1,P,0,1.7,0
MM-11630A,NLA06608-MN:87-0030,510763,8836,1,P,0,0.19,0
MM-12202A,NLA06608-0048,513003,7530,1,P,0,0,0
MM-12215A,NLA06608-0048,510543,7531,2,P,0,0,0
MM-12214A,NLA06608-0048,514763,7531,2,D,0,0,0
MM-12201A,NLA06608-0076,514733,7562,1,P,0,0,0
MM-12209A,NLA06608-0076,516453,7563,2,P,0,0.17,0
MM-12208A,NLA06608-0076,516463,7563,2,D,0,0.13,0
MM-12199A,NLA06608-0224,506023,7678,1,P,0,0,0
MM-12218A,NLA06608-0224,503743,7679,2,P,0,0.11,0
MM-12217A,NLA06608-0224,516473,7679,2,D,0,0.12,0
MM-12205A,NLA06608-0480,513233,7823,1,P,0.1,0.13,0
MM-12220A,NLA06608-0480,517223,7824,2,P,0.47,0.28,0
MM-12219A,NLA06608-0480,517593,7824,2,D,0.49,0.21,0
MM-12216A,NLA06608-0608,503753,7893,1,P,0,0,0
MM-12211A,NLA06608-0808,516823,7999,1,P,0,0.11,0
MM-12225A,NLA06608-1012,508963,8113,1,P,0,0,0
MM-12223A,NLA06608-1056,503823,8132,1,P,0,0,0
MM-12207A,NLA06608-1120,511383,8160,1,P,0,0,0
MM-12204A,NLA06608-1232,514923,8214,1,P,0,0,0
MM-12222A,NLA06608-1312,517583,8249,1,P,2.5,0,0
MM-12221A,NLA06608-1376,517253,8285,1,P,0.14,0,0
MM-12206A,NLA06608-1504,513643,8341,1,P,0,0,0
MM-12212A,NLA06608-1576,516443,8368,1,P,0,0.25,0
MM-12200A,NLA06608-1640,505883,8389,1,P,0,0,0
MM-12210A,NLA06608-1704,514753,8408,1,P,0,0.21,0
MM-12203A,NLA06608-1740,506833,8422,1,P,0,0,0
MM-12213A,NLA06608-1936,512063,8482,1,P,0,0.27,0
MM-12224A,NLA06608-2152,513483,8532,1,P,0,0,0
MM-11901A,NLA06608-R767,503193,8896,1,P,0,0,0
MM-11900A,NLA06608-R769,512663,8897,1,P,1.7,0,0
MM-11902A,NLA06608-R770,512333,8898,1,P,0.1,0,0
MM-11909A,NLA06608-R772,512543,8899,1,P,0,0,0
MM-11908A,NLA06608-R775,508063,8900,1,P,0.07,0,0
MM-09378A,NLA06608-0327,502193,7740,1,P,0,0,0
MM-11029A,NLA06608-0432,506563,7795,1,P,0,0,0
MM-09373A,NLA06608-0444,502223,7802,1,P,0,0,0
MM-09379A,NLA06608-0508,502463,7842,1,P,0,0,0
MM-09374A,NLA06608-0583,502603,7879,1,P,0,0,0
MM-09377A,NLA06608-0812,503213,8002,1,P,0,0,0
MM-09375A,NLA06608-0828,503263,8011,1,P,0,0.28,0
MM-11027A,NLA06608-0986,505513,8096,1,P,0,0,0
MM-09376A,NLA06608-1114,503223,8157,1,P,0,0,0
MM-11026A,NLA06608-2010,505523,8498,1,P,0,0.65,0
MM-11028A,NLA06608-2492,503233,8577,1,P,0,0,0
MM-10191A,NLA06608-0001,507623,7468,1,P,0,0,0
MM-09560A,NLA06608-0064,514483,7545,1,P,0,0.65,0.04
MM-11088A,NLA06608-0064,513783,7546,2,P,0,7.1,0.03
MM-11087A,NLA06608-0064,513793,7546,2,D,0,9.6,0
MM-10182A,NLA06608-0065,507403,7547,1,P,0,0,0
MM-11809A,NLA06608-0065,504303,7548,2,P,0,0,0
MM-10181A,NLA06608-0065,507563,7547,1,D,0,0,0
MM-11808A,NLA06608-0065,509473,7548,2,D,0,0,0
MM-09561A,NLA06608-0128,514103,7608,1,P,0,0,0
MM-11086A,NLA06608-0128,510173,7609,2,P,0,1.4,0
MM-11085A,NLA06608-0128,510203,7609,2,D,0,1.6,0
MM-10187A,NLA06608-0129,506883,7610,1,P,0,0,0
MM-11812A,NLA06608-0129,509593,7611,2,P,0,0,0
MM-10186A,NLA06608-0129,507723,7610,1,D,0,0,0
MM-11811A,NLA06608-0129,516993,7611,2,D,0,0,0
MM-09567A,NLA06608-0225,514033,7680,1,P,0,0,0
MM-11089A,NLA06608-0225,509113,7681,2,P,0,0,0
MM-09566A,NLA06608-0225,515163,7680,1,D,0,0,0.12
MM-10188A,NLA06608-0240,507613,7694,1,P,0,0,0
MM-10183A,NLA06608-0257,507573,7704,1,P,0,0,0
MM-09565A,NLA06608-0378,514073,7771,1,P,0,0,0
MM-09854A,NLA06608-0385,510633,7773,1,P,0,0,0
MM-09562A,NLA06608-0496,514083,7834,1,P,0,0.38,0.03
MM-10189A,NLA06608-0570,504003,7873,1,P,0,0,0
MM-10192A,NLA06608-0833,510263,8014,1,P,0,0,0
MM-09559A,NLA06608-0929,514263,8068,1,P,0,0,0
MM-09563A,NLA06608-0944,514473,8077,1,P,0,0,0
MM-09571A,NLA06608-1002,514493,8106,1,P,0,0.33,0
MM-09568A,NLA06608-1008,514503,8111,1,P,0,0,0
MM-10185A,NLA06608-1089,507593,8145,1,P,0,0,0
MM-10184A,NLA06608-1153,507603,8176,1,P,0,0,0
MM-09564A,NLA06608-1338,514063,8261,1,P,0,0.11,0.26
MM-09855A,NLA06608-1344,504953,8264,1,P,0.08,0,0
MM-10190A,NLA06608-1354,507643,8269,1,P,0,0,0
MM-09570A,NLA06608-1377,507893,8286,1,P,0,0,0
MM-11082A,NLA06608-1462,511643,8323,1,P,0,0,0
MM-11081A,NLA06608-1510,511883,8344,1,P,0,0.12,0
MM-11083A,NLA06608-1578,509503,8370,1,P,0,0,0
MM-09853A,NLA06608-1600,512863,8377,1,P,0,0,0
MM-10764A,NLA06608-1610,504183,8380,1,P,0,0,0
MM-09569A,NLA06608-1633,515123,8386,1,P,0,0,0
MM-09852A,NLA06608-1856,504133,8459,1,P,0,0.89,0
MM-09917A,NLA06608-1857,504113,8460,1,P,0,0,0
MM-11091A,NLA06608-1953,508203,8484,1,P,0,0.93,0
MM-11084A,NLA06608-1968,504293,8488,1,P,0,0.16,0
MM-11813A,NLA06608-2049,509533,8505,1,P,0,0,0
MM-11090A,NLA06608-2170,513773,8536,1,P,0,4.4,0.07
MM-11810A,NLA06608-2177,510193,8537,1,P,0,0,0
MM-11817A,NLA06608-2426,516773,8568,1,P,0,0.49,0.23
MM-11815A,NLA06608-2800,517963,8620,1,P,0,0,0
MM-11816A,NLA06608-2874,517973,8628,1,P,0,0.24,0
MM-11814A,NLA06608-2881,516753,8630,1,P,0,0,0
MM-09039A,NLA06608-0025,514333,7506,1,P,0,0,0
MM-09545A,NLA06608-0025,509253,7507,2,P,0,0,0
MM-09544A,NLA06608-0025,509413,7507,2,D,0,0,0
MM-09037A,NLA06608-0057,514813,7538,1,P,0,0.17,0
MM-09553A,NLA06608-0057,506873,7539,2,P,0,0.24,0
MM-09539A,NLA06608-0057,507293,7539,2,D,0,0.27,0
MM-09038A,NLA06608-0089,514193,7580,1,P,0,0,0
MM-09543A,NLA06608-0089,509373,7581,2,P,0,0.14,0
MM-09542A,NLA06608-0089,509863,7581,2,D,0,0,0.03
MM-09548A,NLA06608-0191,512423,7653,1,P,0,0,0
MM-09169A,NLA06608-0217,505503,7671,1,P,0,0.54,0
MM-09041A,NLA06608-0281,506113,7714,1,P,0,0.17,0
MM-09538A,NLA06608-0313,505383,7733,1,P,0,0,0
MM-09540A,NLA06608-0361,507333,7762,1,P,0,0,0
MM-09040A,NLA06608-0473,505693,7821,1,P,0,0.52,0
MM-09172A,NLA06608-0665,504633,7928,1,P,0,0,0
MM-09167A,NLA06608-0857,504683,8026,1,P,0,0.16,0
MM-09170A,NLA06608-0921,504723,8062,1,P,0,0.28,0
MM-09541A,NLA06608-1113,507713,8156,1,P,0,0.16,0
MM-09173A,NLA06608-1177,505293,8187,1,P,0,0,0
MM-09171A,NLA06608-1181,504643,8189,1,P,0,0.23,0
MM-09168A,NLA06608-1241,505493,8219,1,P,0,0.11,0
MM-09174A,NLA06608-1245,505303,8223,1,P,0,0,0
MM-09042A,NLA06608-1369,504703,8281,1,P,0,0,0
MM-11274A,NLA06608-0014,512403,7489,1,P,0,0,0
MM-11285A,NLA06608-0014,503243,7490,2,P,0,0,0
MM-11286A,NLA06608-0014,505203,7490,2,D,0,0,0
MM-08980A,NLA06608-0019,502673,7496,1,P,0,0.88,0
MM-11155A,NLA06608-0019,503883,7497,2,P,0,26,0
MM-11154A,NLA06608-0019,504733,7497,2,D,0,20,0
MM-11275A,NLA06608-0062,512323,7543,1,P,0,8.9,0.02
MM-11288A,NLA06608-0062,517393,7544,2,P,0,4.1,0.03
MM-11287A,NLA06608-0062,517473,7544,2,D,0,2.6,0.03
MM-11157A,NLA06608-0078,504623,7566,1,P,0,16,0
MM-11282A,NLA06608-0078,509263,7567,2,P,0,5,0
MM-11156A,NLA06608-0078,507303,7566,1,D,0,15,0
MM-08982A,NLA06608-0083,502693,7574,1,P,0,1.2,0.03
MM-11159A,NLA06608-0083,506973,7575,2,P,0,2.6,0.04
MM-11158A,NLA06608-0083,509433,7575,2,D,0,2.5,0.03
MM-09575A,NLA06608-0126,503453,7605,1,P,0,0.9,0
MM-11291A,NLA06608-0126,516503,7606,2,P,0,3.8,0
MM-11290A,NLA06608-0126,517363,7606,2,D,0,3.2,0
MM-08981A,NLA06608-0195,503443,7655,1,P,0,0.19,0
MM-09577A,NLA06608-0222,503653,7675,1,P,0.53,0,0
MM-09140A,NLA06608-0254,506543,7702,1,P,0,1.3,0
MM-08983A,NLA06608-0259,515133,7705,1,P,0,0.13,0.02
MM-09186A,NLA06608-0275,515153,7709,1,P,0,2.3,0
MM-09576A,NLA06608-0334,503293,7746,1,P,0,2,0
MM-09187A,NLA06608-0339,514133,7749,1,P,0,1.5,0
MM-09578A,NLA06608-0384,503473,7772,1,P,0,0,0.02
MM-11277A,NLA06608-0442,512513,7801,1,P,0,2.1,0.03
MM-09188A,NLA06608-0510,503463,7844,1,P,2.2,1.2,0
MM-11276A,NLA06608-0512,512453,7846,1,P,0,2.3,0
MM-09189A,NLA06608-0515,514173,7848,1,P,0,2.4,0.03
MM-09427A,NLA06608-0531,505223,7854,1,P,0,0.91,0.03
MM-11280A,NLA06608-0579,503503,7875,1,P,0,0.92,0
MM-11284A,NLA06608-0634,505233,7911,1,P,0,2.6,0
MM-09190A,NLA06608-0659,515083,7923,1,P,0,0,0
MM-09429A,NLA06608-0707,505193,7943,1,P,0,0,0
MM-09425A,NLA06608-0718,514243,7951,1,P,0,0,0
MM-11279A,NLA06608-0762,503483,7975,1,P,0,192,0
MM-09432A,NLA06608-0766,503253,7978,1,P,0,6.2,0
MM-11292A,NLA06608-0830,517713,8012,1,P,0,0,0.03
MM-09191A,NLA06608-0899,515113,8052,1,P,0,12,0.03
MM-09574A,NLA06608-1006,503663,8109,1,P,0,0.52,0
MM-09426A,NLA06608-1022,503643,8118,1,P,0,4.2,0
MM-10176A,NLA06608-1024,510303,8119,1,P,0,0,0
MM-09428A,NLA06608-1070,502663,8138,1,P,0,0,0
MM-11289A,NLA06608-1086,517403,8142,1,P,0,0.17,0.03
MM-09430A,NLA06608-1091,505183,8146,1,P,0,0,0
MM-09431A,NLA06608-1155,506953,8177,1,P,0,2.8,0
MM-11278A,NLA06608-1210,513333,8204,1,P,0,0.34,0.05
MM-11281A,NLA06608-1219,503493,8208,1,P,0,3.8,0
MM-11283A,NLA06608-1278,505253,8238,1,P,0,2.4,0
MM-09293A,NLA06608-0016,514463,7493,1,P,0,0.29,0
MM-10211A,NLA06608-0016,504743,7494,2,P,0,2.1,0
MM-10210A,NLA06608-0016,505403,7494,2,D,0,1.3,0
MM-10216A,NLA06608-0044,503703,7526,1,P,0,0,0
MM-10213A,NLA06608-0044,504343,7527,2,P,0,0,0
MM-10212A,NLA06608-0044,513703,7527,2,D,0,0,0
MM-10217A,NLA06608-0124,512183,7604,1,P,0,0.2,0.02
MM-09298A,NLA06608-0216,514513,7670,1,P,0,0.3,0
MM-10218A,NLA06608-0220,513353,7673,1,P,0,28,0
MM-09287A,NLA06608-0344,504443,7754,1,P,0,0.56,0
MM-09288A,NLA06608-0528,504903,7851,1,P,0,0,0
MM-10222A,NLA06608-0648,507123,7916,1,P,0,0.82,0
MM-10223A,NLA06608-0692,503713,7940,1,P,0,0,0
MM-10766A,NLA06608-0723,509123,7954,1,P,0,0,0
MM-09291A,NLA06608-0764,514553,7976,1,P,0,0,0
MM-10723A,NLA06608-0891,509993,8049,1,P,0,0.12,0
MM-10582A,NLA06608-0924,509153,8064,1,P,0,230,0.07
MM-10724A,NLA06608-0940,510603,8074,1,P,0,0,0
MM-10225A,NLA06608-1096,507133,8147,1,P,0,0,0
MM-10228A,NLA06608-1148,512233,8173,1,P,0,3.9,0
MM-10231A,NLA06608-1244,511333,8222,1,P,0,7.8,0
MM-10725A,NLA06608-1360,510053,8276,1,P,0,0.13,0
MM-11011A,NLA06608-1596,509773,8376,1,P,0,0.39,0
MM-10583A,NLA06608-1836,509213,8454,1,P,0,3.3,0
MM-11016A,NLA06608-1948,509143,8483,1,P,0,0,0
MM-10234A,NLA06608-2332,512523,8557,1,P,0,0,0
MM-10235A,NLA06608-2640,513383,8598,1,P,0,18,0
MM-10765A,NLA06608-2715,509163,8609,1,P,0,0,0
MM-11266A,NLA06608-2740,512743,8611,1,P,0,0,0
MM-11265A,NLA06608-2824,512583,8624,1,P,0,0.31,0
MM-10767A,NLA06608-2972,511343,8637,1,P,0,21,0
MM-11267A,NLA06608-3160,512803,8648,1,P,0,3.3,0
MM-11025A,NLA06608-3484,509663,8657,1,P,0,0,0
MM-11268A,NLA06608-3608,512833,8658,1,P,0,0.78,0
MM-10726A,NLA06608-3644,513143,8660,1,P,0,0.21,0
MM-11012A,NLA06608-3656,509753,8661,1,P,0,0.2,0
MM-11023A,NLA06608-3660,502163,8662,1,P,0,0,0
MM-11910A,NLA06608-R7101,515493,8881,1,P,0,0.17,0
MM-11911A,NLA06608-R7103,515643,8882,1,P,0,6.4,0
MM-11912A,NLA06608-R7104,515433,8883,1,P,0,0.98,0
MM-11916A,NLA06608-R7106,515443,8884,1,P,0,0,0
MM-11917A,NLA06608-R784,515543,8901,1,P,0,0,0
MM-12380A,NLA06608-R788,515703,8902,1,P,0,0.26,0
MM-11913A,NLA06608-R791,515513,8903,1,P,0.08,0,0
MM-11914A,NLA06608-R792,515503,8904,1,P,0,2.9,0
MM-11915A,NLA06608-R796,512633,8905,1,P,0,2.5,0
MM-09753A,NLA06608-0050,508673,7533,1,P,0,0,0
MM-11145A,NLA06608-0050,509633,7534,2,P,0,0,0
MM-11144A,NLA06608-0050,511063,7534,2,D,0,0,0.03
MM-11149A,NLA06608-0162,509553,7630,1,P,0,0,0
MM-09754A,NLA06608-0226,508463,7682,1,P,0,0,0
MM-09756A,NLA06608-0358,505463,7760,1,P,0,0,0
MM-09757A,NLA06608-0418,507243,7791,1,P,0,0,0
MM-09758A,NLA06608-0470,507283,7818,1,P,0,0,0
MM-11150A,NLA06608-0550,504383,7862,1,P,0,0,0
MM-11141A,NLA06608-0610,512013,7895,1,P,0,0,0
MM-11151A,NLA06608-0662,512303,7926,1,P,0,0,0
MM-11143A,NLA06608-0726,511893,7956,1,P,0,0,0
MM-11146A,NLA06608-0738,512133,7961,1,P,0,0,0
MM-11147A,NLA06608-0930,506893,8069,1,P,0,0,0
MM-11148A,NLA06608-0994,509453,8101,1,P,0,0,0
MM-09755A,NLA06608-ELS:1C2-032,508153,8797,1,P,0,0,0
MM-09759A,NLA06608-NH250L,506913,8845,1,P,0,0,0
MM-11142A,NLA06608-NH4912,504393,8846,1,P,0,0,0
MM-11384A,NLA06608-0013,517183,7487,1,P,0,0,0
MM-11394A,NLA06608-0013,516943,7488,2,P,0,0,0
MM-11393A,NLA06608-0013,517663,7488,2,D,0,0,0
MM-11388A,NLA06608-0077,517843,7564,1,P,0.9,0,0.14
MM-11392A,NLA06608-0077,516703,7565,2,P,1.1,0,0.21
MM-11391A,NLA06608-0077,517213,7565,2,D,1.1,0,0.2
MM-09872A,NLA06608-0333,514713,7745,1,P,0,0,0
MM-11386A,NLA06608-0761,516573,7974,1,P,0,1.8,0.04
MM-09873A,NLA06608-0781,514283,7984,1,P,0,0,0
MM-11385A,NLA06608-1037,517853,8123,1,P,0,0,0
MM-11389A,NLA06608-1101,517823,8149,1,P,0,0.12,0
MM-11387A,NLA06608-1273,516723,8236,1,P,0,0.19,0
MM-09415A,NLA06608-0015,504783,7491,1,P,0,0,0
MM-12526A,NLA06608-0015,507683,7492,2,P,0,0,0
MM-12525A,NLA06608-0015,510093,7492,2,D,0,0,0
MM-09417A,NLA06608-0116,503343,7600,1,P,0,0,0
MM-12527A,NLA06608-0260,503513,7706,1,P,0,0,0
MM-09070A,NLA06608-0340,503333,7750,1,P,0,0,0
MM-09418A,NLA06608-0356,504843,7758,1,P,0,0,0
MM-10858A,NLA06608-0564,509493,7870,1,P,0,0,0
MM-12381A,NLA06608-0628,503533,7908,1,P,0,0,0
MM-09071A,NLA06608-0996,503523,8102,1,P,0,0,0
MM-09419A,NLA06608-1124,504793,8162,1,P,0,0,0
MM-10856A,NLA06608-1236,510133,8215,1,P,0,0,0
MM-12524A,NLA06608-1279,504313,8239,1,P,0,0,0
MM-12523A,NLA06608-1284,509183,8242,1,P,0,0,0
MM-09416A,NLA06608-1295,504773,8245,1,P,0,0,0
MM-10855A,NLA06608-1300,504593,8247,1,P,0,0,0
MM-09420A,NLA06608-1380,504863,8287,1,P,0,0,0
MM-10857A,NLA06608-1508,504173,8343,1,P,0,0,0
MM-09304A,NLA06608-0073,502413,7560,1,P,0,0,0.04
MM-10607A,NLA06608-0073,510753,7561,2,P,0,0,0.04
MM-09305A,NLA06608-0237,502423,7690,1,P,0,0,0
MM-10603A,NLA06608-0237,515143,7691,2,P,0,0,0
MM-09306A,NLA06608-0585,503363,7880,1,P,0,0,0
MM-09307A,NLA06608-0733,515103,7959,1,P,0,0,0
MM-09308A,NLA06608-0797,515093,7993,1,P,0,0,0
MM-10606A,NLA06608-0889,504823,8047,1,P,0,0,0
MM-09309A,NLA06608-0905,506603,8055,1,P,0,0,0
MM-12487A,NLA06608-0925,510353,8065,1,P,0,0,0
MM-09310A,NLA06608-1261,515063,8228,1,P,0,0,0
MM-09311A,NLA06608-1529,506463,8352,1,P,0,0,0
MM-10602A,NLA06608-1862,510823,8462,1,P,0,0,0
MM-10605A,NLA06608-1893,504813,8474,1,P,0,0.53,0
MM-09312A,NLA06608-2037,502243,8503,1,P,0,0,0
MM-10609A,NLA06608-2185,505863,8538,1,P,0,0,0
MM-10604A,NLA06608-2453,510733,8572,1,P,0,0,0
MM-09313A,NLA06608-2477,504973,8575,1,P,0,0,0
MM-09314A,NLA06608-2797,504753,8619,1,P,0,0,0
MM-10608A,NLA06608-2889,510773,8631,1,P,0,0,0.04
MM-11521A,NLA06608-NV:2,517233,8847,1,P,0,0,0
MM-11520A,NLA06608-NV:3,517033,8848,1,P,0,0,0
MM-11519A,NLA06608-NV:4,517113,8849,1,P,0,0,0
MM-09871A,NLA06608-0021,504933,7500,1,P,0,0,0
MM-11587A,NLA06608-0021,504663,7501,2,P,0,1.5,0
MM-11585A,NLA06608-0053,506803,7535,1,P,0,0,0
MM-11948A,NLA06608-0053,517543,7536,2,P,0,0,0
MM-11588A,NLA06608-0229,517423,7685,1,P,0,0,0
MM-11944A,NLA06608-0341,517573,7751,1,P,0,0.26,0
MM-09868A,NLA06608-0421,504943,7792,1,P,0,0,0
MM-09869A,NLA06608-0533,505023,7855,1,P,0,0,0
MM-09870A,NLA06608-0753,506633,7968,1,P,0,0.46,0
MM-11945A,NLA06608-0993,517513,8100,1,P,0,0,0
MM-11586A,NLA06608-1045,510113,8128,1,P,0,0.15,0
MM-11946A,NLA06608-1189,517523,8192,1,P,0,0,0
MM-11947A,NLA06608-1333,517553,8257,1,P,0,0,0
MM-11584A,NLA06608-1365,509703,8278,1,P,0,0,0
MM-11390A,NLA06608-ALSC:020149,517433,8796,1,P,0,0,0
MM-10847A,NLA06608-0031,515043,7510,1,P,0,0,0
MM-11308A,NLA06608-0031,509323,7511,2,P,0,0,0
MM-10947A,NLA06608-0111,515013,7596,1,P,0,0.13,0
MM-11080A,NLA06608-0175,509783,7640,1,P,0,0,0
MM-11409A,NLA06608-0271,505423,7708,1,P,0,0,0
MM-11152A,NLA06608-0303,511253,7730,1,P,0,0.35,0
MM-10946A,NLA06608-0367,508973,7765,1,P,0,3.5,0.06
MM-10846A,NLA06608-0445,515033,7803,1,P,0,0,0
MM-11410A,NLA06608-0479,505433,7822,1,P,0,0,0
MM-09165A,NLA06608-0623,514093,7904,1,P,0,0,0
MM-10580A,NLA06608-0783,509513,7986,1,P,0,0,0
MM-11153A,NLA06608-0847,511193,8021,1,P,0,78,0
MM-10849A,NLA06608-0863,508683,8031,1,P,0,0.1,0
MM-09166A,NLA06608-0893,515023,8050,1,P,0,0,0
MM-09937A,NLA06608-1007,510293,8110,1,P,0,0,0
MM-10848A,NLA06608-1055,505323,8131,1,P,0,0.7,0.04
MM-11411A,NLA06608-1103,517383,8151,1,P,0,0,0
MM-09936A,NLA06608-1359,510283,8275,1,P,0,0,0
MM-11309A,NLA06608-1375,513843,8284,1,P,0,0,0
MM-11307A,NLA06608-1391,507753,8294,1,P,0,1.5,0
MM-11240A,NLA06608-OH:19,517483,8850,1,P,0,0,0
MM-11241A,NLA06608-OH:22,515743,8851,1,P,0,0,0
MM-09267A,NLA06608-0012,502613,7485,1,P,0,0,0
MM-11545A,NLA06608-0012,516813,7486,2,P,0,0.78,0
MM-09265A,NLA06608-0120,502563,7601,1,P,0,0,0
MM-11651A,NLA06608-0120,517003,7602,2,P,0,0,0
MM-10038A,NLA06608-0152,509193,7625,1,P,0,0.1,0
MM-11182A,NLA06608-0180,510103,7645,1,P,0,0.14,0.02
MM-11543A,NLA06608-0204,517023,7661,1,P,0,1,0
MM-11539A,NLA06608-0268,516643,7707,1,P,0,0,0
MM-10044A,NLA06608-0284,510623,7717,1,P,0,0,0.02
MM-11183A,NLA06608-0332,509883,7744,1,P,0,0,0
MM-11177A,NLA06608-0376,509693,7769,1,P,0,0,0
MM-09274A,NLA06608-0408,502553,7788,1,P,0,0,0
MM-11172A,NLA06608-0440,507633,7800,1,P,0,0,0
MM-10037A,NLA06608-0472,507473,7820,1,P,0,1.5,0
MM-11179A,NLA06608-0540,509903,7857,1,P,0,0.38,0.03
MM-10043A,NLA06608-0616,505043,7898,1,P,0.11,0,0.02
MM-10036A,NLA06608-0696,504803,7942,1,P,0,0,0
MM-09269A,NLA06608-0756,502203,7971,1,P,0,0,0
MM-11538A,NLA06608-0824,516683,8008,1,P,0,0,0
MM-09264A,NLA06608-0856,502573,8025,1,P,0,0,0
MM-09272A,NLA06608-0972,505003,8089,1,P,0,0,0
MM-11650A,NLA06608-0984,516933,8095,1,P,0,0.11,0
MM-10041A,NLA06608-1016,507493,8116,1,P,0,0,0
MM-11542A,NLA06608-1164,516953,8180,1,P,0,0,0
MM-10040A,NLA06608-1240,507583,8218,1,P,0,0,0
MM-11648A,NLA06608-1336,516673,8260,1,P,0,0.28,0
MM-11173A,NLA06608-1356,510023,8272,1,P,0,0,0
MM-11544A,NLA06608-1372,516763,8283,1,P,0,0,0
MM-11546A,NLA06608-1420,516663,8305,1,P,0,0,0
MM-09273A,NLA06608-1432,505783,8309,1,P,0,0,0
MM-10045A,NLA06608-1488,510513,8335,1,P,0,9.5,0
MM-09266A,NLA06608-1524,502213,8350,1,P,0,0,0
MM-09270A,NLA06608-1564,505963,8363,1,P,0,0,0
MM-10035A,NLA06608-1568,504983,8364,1,P,0,0,0
MM-09263A,NLA06608-1804,502683,8443,1,P,0,0.37,0
MM-11175A,NLA06608-1868,513923,8466,1,P,0.11,0,0
MM-11178A,NLA06608-1960,513543,8487,1,P,0,0.14,0
MM-11649A,NLA06608-3320,517043,8654,1,P,0,0,0
MM-11174A,NLA06608-3480,508313,8656,1,P,0,0,0.38
MM-10046A,NLA06608-3616,513503,8659,1,P,0,0,0
MM-09271A,NLA06608-4056,504993,8666,1,P,0,0,0
MM-10047A,NLA06608-4064,513323,8667,1,P,0,0,0
MM-11547A,NLA06608-4206,516853,8668,1,P,0,0,0.03
MM-11541A,NLA06608-4320,517053,8670,1,P,0,0,0
MM-11540A,NLA06608-4382,516533,8671,1,P,0,0,0
MM-11180A,NLA06608-4414,509893,8673,1,P,0,0,0
MM-11184A,NLA06608-4440,509953,8674,1,P,0,0.2,0
MM-11171A,NLA06608-4472,508303,8675,1,P,0,0.17,0
MM-09268A,NLA06608-4504,502723,8676,1,P,0,0,0
MM-10042A,NLA06608-4610,506923,8677,1,P,0,0,0
MM-11176A,NLA06608-4643,509343,8678,1,P,0,0.12,0
MM-11548A,NLA06608-4659,516903,8680,1,P,0,0.13,0.03
MM-11185A,NLA06608-4828,513963,8683,1,P,0.41,0,0
MM-10039A,NLA06608-4929,509643,8684,1,P,0,0,0.02
MM-11181A,NLA06608-4949,504283,8685,1,P,0,0,0
MM-11232A,NLA06608-0049,509743,7532,1,P,0,0,0
MM-09945A,NLA06608-0290,504563,7720,1,P,0,1.1,0
MM-11936A,NLA06608-0290,517413,7721,2,P,0,0,0
MM-11930A,NLA06608-0290,517563,7721,2,D,0,0,0
MM-09950A,NLA06608-0306,515183,7731,1,P,0,0,0
MM-09943A,NLA06608-0402,505803,7782,1,P,0,1.2,0
MM-11934A,NLA06608-0402,505823,7783,2,P,0,1.4,0
MM-11939A,NLA06608-0402,517293,7783,2,D,0,1.8,0
MM-11237A,NLA06608-0406,512083,7786,1,P,0,0,0
MM-09946A,NLA06608-0614,505933,7897,1,P,0,0,0
MM-11933A,NLA06608-0625,517333,7906,1,P,0,0,0
MM-09953A,NLA06608-0658,506783,7922,1,P,0,0,0
MM-09944A,NLA06608-0677,506793,7932,1,P,0,1.2,0
MM-11230A,NLA06608-0678,511433,7933,1,P,0,0,0.02
MM-11231A,NLA06608-0870,505623,8036,1,P,0,0,0
MM-09954A,NLA06608-0881,504543,8045,1,P,0,0,0
MM-09947A,NLA06608-0933,506083,8070,1,P,0,0,0
MM-11238A,NLA06608-0934,506823,8071,1,P,0,0,0
MM-11931A,NLA06608-1058,517533,8134,1,P,0,0,0
MM-11235A,NLA06608-1073,509523,8139,1,P,0,0,0
MM-09949A,NLA06608-1190,504433,8193,1,P,0,0,0
MM-09951A,NLA06608-1266,506773,8231,1,P,0,0,0
MM-09955A,NLA06608-1426,504453,8308,1,P,0,0,0
MM-09952A,NLA06608-1445,504403,8314,1,P,0,0.75,0
MM-11236A,NLA06608-1446,510033,8315,1,P,0,0,0
MM-11239A,NLA06608-1638,511213,8388,1,P,0,0,0
MM-11233A,NLA06608-1894,508233,8475,1,P,0,0,0
MM-11234A,NLA06608-1958,509803,8485,1,P,0,0,0
MM-11932A,NLA06608-2082,517273,8512,1,P,0,0,0
MM-11935A,NLA06608-2438,517753,8570,1,P,0,0,0
MM-09948A,NLA06608-2450,505683,8571,1,P,0,0,0
MM-09956A,NLA06608-2481,504573,8576,1,P,0,0,0
MM-11938A,NLA06608-2673,517613,8603,1,P,0,0,0
MM-11937A,NLA06608-2726,517353,8610,1,P,0,0,0
MM-10566A,NLA06608-R10CHARLT,508383,8855,1,P,0,0,0
MM-10567A,NLA06608-R10DEERLA,508263,8857,1,P,0,0,0
MM-10568A,NLA06608-R10FISHLA,511223,8858,1,P,0,0,0
MM-10565A,NLA06608-R10FOURMI,510383,8859,1,P,0,0,0
MM-10971A,NLA06608-R10SQUAWL,509583,8861,1,P,0,0,0
MM-09030A,NLA06608-0066,502633,7549,1,P,0,0,0
MM-11515A,NLA06608-0066,517653,7550,2,P,0,0,0
MM-11514A,NLA06608-0066,517863,7550,2,D,0,0,0.02
MM-11843A,NLA06608-0149,505653,7623,1,P,0,0,0
MM-11533A,NLA06608-0185,507233,7649,1,P,0,0.15,0
MM-11844A,NLA06608-0377,502503,7770,1,P,0,0.46,0
MM-11381A,NLA06608-0386,506053,7774,1,P,0,0,0
MM-11537A,NLA06608-0405,517073,7785,1,P,0,0.17,0
MM-11536A,NLA06608-0469,513463,7817,1,P,0,0,0.04
MM-09031A,NLA06608-0509,502513,7843,1,P,0,0,0
MM-11382A,NLA06608-0514,502523,7847,1,P,0,0,0
MM-11530A,NLA06608-0661,506993,7925,1,P,0,0.18,0.02
MM-09029A,NLA06608-0765,502733,7977,1,P,0,0,0
MM-11531A,NLA06608-0869,507003,8035,1,P,0,0,0
MM-11383A,NLA06608-1145,515173,8170,1,P,0,3.9,0
MM-11532A,NLA06608-1209,510013,8203,1,P,0,0,0
MM-11845A,NLA06608-1401,506033,8298,1,P,0,2.1,0.06
MM-11534A,NLA06608-1465,510003,8325,1,P,0,0,0
MM-11535A,NLA06608-1637,507013,8387,1,P,0,1.2,0
MM-11513A,NLA06608-1789,517873,8438,1,P,0,0,0
MM-12227A,NLA06608-R34,511483,8878,1,P,0,0,0
MM-09851A,NLA06608-0562,508773,7868,1,P,0,0,0
MM-11413A,NLA06608-0562,508983,7869,2,P,0,0,0
MM-11421A,NLA06608-0562,513593,7869,2,D,0,0,0
MM-09846A,NLA06608-0690,508803,7938,1,P,0,0,0
MM-11419A,NLA06608-0690,509603,7939,2,P,0,0,0
MM-11428A,NLA06608-0690,510233,7939,2,D,0,0,0
MM-09856A,NLA06608-1586,505453,8373,1,P,0,0,0
MM-09863A,NLA06608-1906,513853,8477,1,P,0,0.3,0
MM-09859A,NLA06608-2162,505483,8535,1,P,0,0.38,0
MM-09848A,NLA06608-2354,508903,8560,1,P,0,0.2,0
MM-09843A,NLA06608-2418,508123,8566,1,P,0,0,0
MM-09865A,NLA06608-2566,508733,8589,1,P,0,0,0
MM-09857A,NLA06608-3698,513413,8663,1,P,0,0,0
MM-09861A,NLA06608-3846,508723,8844,1,P,0,0,0
MM-09845A,NLA06608-3890,505413,8664,1,P,0,0,0
MM-09847A,NLA06608-4413,507393,8672,1,P,0,0.11,0
MM-09035A,NLA06608-0002,514183,7469,1,P,0,0,0
MM-09551A,NLA06608-0002,512383,7470,2,P,0,0,0
MM-09550A,NLA06608-0002,512913,7470,2,D,0,0,0
MM-09552A,NLA06608-0297,512363,7726,1,P,0,0,0
MM-09549A,NLA06608-0319,512993,7735,1,P,0,0,0
MM-09546A,NLA06608-0831,512443,8013,1,P,0,0,0
MM-09036A,NLA06608-1001,514203,8105,1,P,0,0,0
MM-09547A,NLA06608-1087,509423,8143,1,P,0,0,0
MM-08943A,NLA06608-0179,503143,7643,1,P,0,0.12,0.06
MM-11047A,NLA06608-0179,515053,7644,2,P,0,0,0.09
MM-11046A,NLA06608-0179,515593,7644,2,D,0,0,0.09
MM-09619A,NLA06608-0243,513063,7697,1,P,0,0,0
MM-09618A,NLA06608-0247,512773,7700,1,P,0,0.85,0.03
MM-09145A,NLA06608-0295,506453,7725,1,P,0,0.71,0
MM-09141A,NLA06608-0302,506533,7729,1,P,0,3.7,0
MM-10874A,NLA06608-0343,512163,7753,1,P,0,12,0.03
MM-09615A,NLA06608-0359,503063,7761,1,P,0,0.14,0
MM-09620A,NLA06608-0407,503873,7787,1,P,0,0.77,0
MM-09139A,NLA06608-0439,514013,7799,1,P,0,7.8,0.03
MM-09144A,NLA06608-0471,506733,7819,1,P,0,0.32,0
MM-10207A,NLA06608-0503,512883,7840,1,P,0,2.8,0.02
MM-09617A,NLA06608-0523,512893,7849,1,P,0,0.41,0.03
MM-09135A,NLA06608-0595,514053,7888,1,P,0,0,0
MM-10209A,NLA06608-0663,510583,7927,1,P,0,9,0
MM-09142A,NLA06608-0727,506433,7957,1,P,0,0,0
MM-09136A,NLA06608-0755,514023,7970,1,P,0,0,0
MM-10206A,NLA06608-0779,504153,7983,1,P,0,0.14,0
MM-09616A,NLA06608-0807,514223,7998,1,P,0,3.1,0
MM-08944A,NLA06608-0851,503153,8024,1,P,0,0.12,0.05
MM-10205A,NLA06608-0967,513273,8085,1,P,0,0,0
MM-08942A,NLA06608-0979,503133,8091,1,P,0,0,0
MM-11044A,NLA06608-1107,515343,8152,1,P,0,33,0
MM-10872A,NLA06608-1255,511913,8224,1,P,0,1.3,0.03
MM-10208A,NLA06608-1319,510073,8251,1,P,0,2.8,0.03
MM-10871A,NLA06608-1367,511083,8279,1,P,0,1.9,0
MM-08947A,NLA06608-1511,503093,8345,1,P,0,0.38,0
MM-09621A,NLA06608-1575,504143,8367,1,P,0,0,0
MM-08945A,NLA06608-1655,503163,8395,1,P,0,0,0
MM-09614A,NLA06608-1687,514373,8403,1,P,0,0.12,0
MM-11045A,NLA06608-1703,510223,8407,1,P,0,0.54,0
MM-09134A,NLA06608-1719,514003,8415,1,P,0,0,0
MM-09137A,NLA06608-1811,514233,8447,1,P,0,0,0
MM-10875A,NLA06608-1879,512413,8470,1,P,0,1.6,0.02
MM-08946A,NLA06608-1959,503083,8486,1,P,0,0,0
MM-09143A,NLA06608-2007,506703,8497,1,P,0,0,0
MM-09622A,NLA06608-2087,504013,8515,1,P,0,1.1,0
MM-08948A,NLA06608-2103,514043,8521,1,P,0,0.27,0.02
MM-10870A,NLA06608-2123,510083,8528,1,P,0,6.6,0.02
MM-09138A,NLA06608-2131,514963,8529,1,P,0,0.31,0.02
MM-10873A,NLA06608-2135,511313,8531,1,P,0,8.6,0.02
MM-09913A,NLA06608-0239,507063,7693,1,P,0,0,0
MM-10174A,NLA06608-0255,508213,7703,1,P,0,0,0
MM-09423A,NLA06608-0484,507073,7826,1,P,0,2.5,0
MM-09914A,NLA06608-0751,508493,7967,1,P,0,0,0
MM-10173A,NLA06608-0820,508283,8005,1,P,0,0,0
MM-09421A,NLA06608-1044,502803,8127,1,P,0,0,0
MM-09422A,NLA06608-1220,502873,8209,1,P,0,0.11,0
MM-09033A,NLA06608-1364,502923,8277,1,P,0,0.27,0
MM-09034A,NLA06608-1396,502843,8295,1,P,0,0,0
MM-09032A,NLA06608-1652,502903,8393,1,P,0,0.1,0
MM-09424A,NLA06608-1668,508483,8396,1,P,0,0,0
MM-10175A,NLA06608-1791,508273,8439,1,P,1.5,0,0
MM-12101A,NLA06608-0003,509043,7471,1,P,0,0,0
MM-11846A,NLA06608-0003,514903,7472,2,P,0,0,0
MM-12099A,NLA06608-0023,508953,7502,1,P,0,0,0
MM-12100A,NLA06608-0023,516883,7503,2,P,0,0,0
MM-11609A,NLA06608-0024,514773,7504,1,P,0,0.26,0
MM-11610A,NLA06608-0024,504163,7505,2,P,0,0.2,0
MM-10200A,NLA06608-0072,507113,7558,1,P,0,4.3,0
MM-12102A,NLA06608-0072,507653,7559,2,P,0,28,0
MM-10204A,NLA06608-0144,514653,7620,1,P,0,0,0
MM-12111A,NLA06608-0144,508943,7621,2,P,0,0,0
MM-10193A,NLA06608-0244,514583,7698,1,P,0,0,0.02
MM-11604A,NLA06608-0280,515003,7713,1,P,0,1,0.04
MM-11605A,NLA06608-0456,503923,7809,1,P,0,0.26,0
MM-10195A,NLA06608-0483,514533,7825,1,P,0,0,0
MM-12115A,NLA06608-0560,507663,7866,1,P,0,0,0
MM-11019A,NLA06608-0599,514213,7891,1,P,0,0,0
MM-10197A,NLA06608-0712,504213,7947,1,P,1,0,0
MM-10201A,NLA06608-0775,511833,7982,1,P,0.12,0,0
MM-12107A,NLA06608-0792,507673,7989,1,P,0,0,0
MM-11018A,NLA06608-1047,514913,8129,1,P,0,0,0
MM-10203A,NLA06608-1191,514633,8194,1,P,0,0,0
MM-11607A,NLA06608-1224,514803,8212,1,P,0,0,0
MM-11602A,NLA06608-1368,514793,8280,1,P,0,0,0
MM-10194A,NLA06608-1436,514593,8312,1,P,0,0,0
MM-11606A,NLA06608-1496,507933,8338,1,P,0,0,0
MM-11603A,NLA06608-1560,507943,8360,1,P,0,0.24,0
MM-10196A,NLA06608-1623,514623,8382,1,P,0,0.14,0
MM-10202A,NLA06608-1630,515243,8384,1,P,0,0,0
MM-12103A,NLA06608-1672,507263,8397,1,P,0,0,0
MM-12108A,NLA06608-1715,503993,8413,1,P,0,0,0
MM-11847A,NLA06608-1992,514783,8493,1,P,0,2.2,0
MM-11608A,NLA06608-2072,514603,8508,1,P,0,0.1,0
MM-10198A,NLA06608-2094,514313,8518,1,P,0,0,0
MM-10199A,NLA06608-2120,511823,8527,1,P,0,0,0
MM-11017A,NLA06608-2663,514823,8602,1,P,0.07,4.3,0
MM-11611A,NLA06608-2696,514693,8605,1,P,0,0.21,0
MM-12114A,NLA06608-2704,507783,8606,1,P,0,0.55,0
MM-12109A,NLA06608-2759,508933,8614,1,P,0,0,0
MM-12110A,NLA06608-2776,516283,8615,1,P,3.4,0,0
MM-11020A,NLA06608-2807,513813,8622,1,P,0,0,0
MM-12104A,NLA06608-2924,507053,8634,1,P,0.94,0,0
MM-12105A,NLA06608-2996,509173,8639,1,P,0,0,0
MM-12112A,NLA06608-3032,516313,8640,1,P,0,0,0
MM-11021A,NLA06608-3083,509383,8642,1,P,0,0,0
MM-12113A,NLA06608-3096,516843,8643,1,P,1,0,0
MM-12116A,NLA06608-3228,516863,8650,1,P,0,0,0
MM-12106A,NLA06608-3303,514643,8652,1,P,0,0,0
MM-11404A,NLA06608-TX:10,516893,8906,1,P,0.12,0,0
MM-11403A,NLA06608-TX:14,511183,8907,1,P,0.18,0,0
MM-11402A,NLA06608-TX:15,512073,8908,1,P,0.36,0,0
MM-11406A,NLA06608-TX:19,516743,8909,1,P,0,0,0
MM-11407A,NLA06608-TX:22,516783,8910,1,P,0,0,0
MM-11401A,NLA06608-TX:27,511173,8911,1,P,0,0,0
MM-11405A,NLA06608-TX:29,517243,8912,1,P,0.14,0,0
MM-11408A,NLA06608-TX:30,516713,8913,1,P,0,0,0
MM-11400A,NLA06608-TX:5,511243,8914,1,P,0,0,0
MM-09477A,NLA06608-0105,502393,7592,1,P,0,0,0
MM-11505A,NLA06608-0105,510983,7593,2,P,0,0,0
MM-09476A,NLA06608-0105,502403,7592,1,D,0,0,0
MM-11498A,NLA06608-0105,511133,7593,2,D,0,0,0.02
MM-09472A,NLA06608-0169,502343,7634,1,P,0,0,0
MM-11497A,NLA06608-0169,509853,7635,2,P,0,0.32,0
MM-09474A,NLA06608-0169,502373,7634,1,D,0,0,0
MM-11493A,NLA06608-0425,504023,7793,1,P,0,1.7,0
MM-11501A,NLA06608-0637,512193,7913,1,P,0,0,0.02
MM-11486A,NLA06608-0671,510333,7929,1,P,0,0,0
MM-11499A,NLA06608-0825,511753,8009,1,P,0,15,0
MM-11487A,NLA06608-0850,508013,8023,1,P,0,0,0
MM-11500A,NLA06608-0927,511593,8067,1,P,0,0,0.02
MM-09470A,NLA06608-0962,510363,8084,1,P,0,0,0
MM-11495A,NLA06608-1119,504253,8159,1,P,0,0,0
MM-09473A,NLA06608-1170,502363,8183,1,P,0,0,0
MM-11496A,NLA06608-1183,509463,8190,1,P,0,0,0
MM-11502A,NLA06608-1321,511803,8252,1,P,0,0,0
MM-09475A,NLA06608-1439,502383,8313,1,P,0,0,0
MM-11494A,NLA06608-1631,511633,8385,1,P,0,4.8,0
MM-11491A,NLA06608-1695,511033,8405,1,P,0,0,0
MM-11488A,NLA06608-1753,511043,8426,1,P,0,0,0
MM-09471A,NLA06608-1810,508113,8446,1,P,0,0,0
MM-11492A,NLA06608-1874,504063,8469,1,P,0,0,0
MM-11503A,NLA06608-2322,511993,8556,1,P,0,0,0
MM-11504A,NLA06608-2345,511403,8559,1,P,0,0,0
MM-11485A,NLA06608-2429,509333,8569,1,P,0,0,0
MM-11489A,NLA06608-2457,511113,8573,1,P,0,0,0
MM-09469A,NLA06608-2463,502253,8574,1,P,0,0,0
MM-11506A,NLA06608-2655,511013,8600,1,P,0,0,0
MM-11490A,NLA06608-2685,511413,8604,1,P,0,0,0
MM-12382A,NLA06608-0045,505703,7528,1,P,0,0,0
MM-10722A,NLA06608-0045,502073,7529,2,P,0,0,0
MM-10715A,NLA06608-0045,514113,7529,2,D,0,0,0
MM-11647A,NLA06608-0153,512103,7626,1,P,0,0,0
MM-09234A,NLA06608-0221,506123,7674,1,P,0,0,0
MM-10714A,NLA06608-0324,511023,7737,1,P,0,0,0
MM-09232A,NLA06608-0345,515073,7755,1,P,0,0,0
MM-09233A,NLA06608-0413,506763,7789,1,P,0,0,0
MM-09839A,NLA06608-0489,504553,7828,1,P,0,1.8,0.23
MM-09838A,NLA06608-0493,506483,7831,1,P,0,0.29,0
MM-09837A,NLA06608-0541,514253,7858,1,P,0,0,0
MM-10716A,NLA06608-0580,509833,7876,1,P,0,0,0
MM-09836A,NLA06608-0749,506473,7966,1,P,0,0,0
MM-10721A,NLA06608-0989,510973,8098,1,P,0,0,0
MM-09835A,NLA06608-1005,514163,8108,1,P,0,0,0
MM-10720A,NLA06608-1348,502083,8267,1,P,0,0,0
MM-10718A,NLA06608-1517,509673,8348,1,P,0,1.7,0
MM-10717A,NLA06608-R314,509843,8865,1,P,0.15,0,0
MM-11639A,NLA06608-R315,510943,8866,1,P,0,0,0
MM-10719A,NLA06608-R318,504243,8867,1,P,0.1,0,0
MM-11640A,NLA06608-R319,516233,8868,1,P,0,0,0
MM-11641A,NLA06608-R322,511323,8870,1,P,0,0,0
MM-11642A,NLA06608-R323,516373,8871,1,P,0,0.32,0
MM-11643A,NLA06608-R324,516353,8872,1,P,0,0,0
MM-11644A,NLA06608-R326,516343,8873,1,P,0,0.2,0
MM-11645A,NLA06608-R328,511973,8874,1,P,0,0.14,0
MM-11646A,NLA06608-R333,516243,8875,1,P,0,0,0
MM-09389A,NLA06608-0038,505563,7518,1,P,0,0,0
MM-11037A,NLA06608-0038,509083,7519,2,P,0,0,0
MM-11038A,NLA06608-0038,509793,7519,2,D,0,0,0
MM-09390A,NLA06608-0113,505573,7598,1,P,0,0,0
MM-11035A,NLA06608-0177,512243,7642,1,P,0,0,0
MM-09388A,NLA06608-0294,505553,7724,1,P,0,0,0
MM-11030A,NLA06608-0369,505583,7766,1,P,0,0,0
MM-11033A,NLA06608-0433,503913,7796,1,P,0,0,0
MM-11443A,NLA06608-0806,504713,7997,1,P,0,0,0
MM-11034A,NLA06608-0982,509363,8094,1,P,0,0,0
MM-11032A,NLA06608-0997,507733,8103,1,P,0,0,0
MM-11442A,NLA06608-2086,517303,8514,1,P,0,0,0
MM-11036A,NLA06608-4252,513123,8669,1,P,0,0,0
MM-11031A,NLA06608-9999,503903,8686,1,P,0,0,0
MM-10020A,NLA06608-0033,506233,7512,1,P,0,0,0
MM-11827A,NLA06608-0033,508893,7513,2,P,0,0,0
MM-11826A,NLA06608-0033,517703,7513,2,D,0,0,0
MM-09235A,NLA06608-0081,506363,7572,1,P,0,0,0
MM-11837A,NLA06608-0081,508853,7573,2,P,0,0,0
MM-11836A,NLA06608-0081,517773,7573,2,D,0,0,0
MM-10027A,NLA06608-0086,504053,7578,1,P,0,0.44,0
MM-11839A,NLA06608-0086,517103,7579,2,P,0,0.2,0
MM-11838A,NLA06608-0086,517343,7579,2,D,0,0.3,0
MM-09366A,NLA06608-0193,506613,7654,1,P,0,0,0
MM-11842A,NLA06608-0209,517283,7666,2,P,0,0,0
MM-10021A,NLA06608-0209,506203,7665,1,D,0,0,0
MM-11841A,NLA06608-0209,517743,7666,2,D,0,0,0
MM-10019A,NLA06608-0337,506373,7748,1,P,0.35,0,0
MM-10024A,NLA06608-0449,508503,7805,1,P,0,0,0
MM-11830A,NLA06608-0529,517813,7852,1,P,0,3.5,0
MM-09365A,NLA06608-0593,506383,7886,1,P,0,0,0
MM-10023A,NLA06608-0641,508703,7915,1,P,0,0,0
MM-09236A,NLA06608-0721,506343,7953,1,P,0,0,0
MM-11834A,NLA06608-0785,512043,7987,1,P,0,0,0
MM-10025A,NLA06608-0849,513363,8022,1,P,0,0,0
MM-11822A,NLA06608-1041,511943,8126,1,P,0,0,0
MM-11820A,NLA06608-1057,511813,8133,1,P,0,0,0
MM-10022A,NLA06608-1217,506393,8207,1,P,0,0,0
MM-11835A,NLA06608-1297,517643,8246,1,P,0,0.43,0
MM-11818A,NLA06608-1425,508523,8307,1,P,0,0,0
MM-11828A,NLA06608-1489,517603,8336,1,P,0,0,0
MM-11819A,NLA06608-1617,513243,8381,1,P,0,0,0
MM-11833A,NLA06608-1873,517673,8468,1,P,0,0,0
MM-10026A,NLA06608-2134,513493,8530,1,P,0,0,0
MM-11824A,NLA06608-2193,513313,8540,1,P,0,0,0
MM-11832A,NLA06608-2241,516543,8545,1,P,0,0,0
MM-11825A,NLA06608-2257,517693,8548,1,P,0,0,0
MM-11823A,NLA06608-2513,513053,8581,1,P,0,0,0
MM-11829A,NLA06608-2753,508883,8613,1,P,0,0,0
MM-11821A,NLA06608-2833,509223,8626,1,P,0,0,0
MM-11840A,NLA06608-3153,517723,8646,1,P,0,0,0
MM-11831A,NLA06608-3265,517263,8651,1,P,0,0,0
MM-10970A,NLA06608-R10COUNCI,511353,8856,1,P,0,0,0
MM-10968A,NLA06608-R10RAINYL,508223,8860,1,P,0,0,0
MM-10969A,NLA06608-R10ULAKE,515633,8862,1,P,0,0,0
MM-10589A,NLA06608-0007,505213,7479,1,P,0,0,0
MM-11312A,NLA06608-0007,515803,7480,2,P,0,0,0
MM-09368A,NLA06608-0099,514893,7586,1,P,0,4.5,0
MM-11317A,NLA06608-0099,515793,7587,2,P,0,2.6,0
MM-09536A,NLA06608-0115,505173,7599,1,P,0,0,0
MM-11311A,NLA06608-0142,514843,7619,1,P,0,0,0
MM-12488A,NLA06608-0158,511693,7628,1,P,0,0.11,0
MM-10590A,NLA06608-0183,505163,7647,1,P,0,0,0
MM-09372A,NLA06608-0291,505143,7722,1,P,0,0,0
MM-10599A,NLA06608-0350,514883,7756,1,P,0,0.13,0
MM-10593A,NLA06608-0414,505313,7790,1,P,0,0,0
MM-10595A,NLA06608-0435,506583,7797,1,P,0,0.69,0
MM-09370A,NLA06608-0467,505153,7815,1,P,0,0.12,0
MM-11315A,NLA06608-0542,513563,7859,1,P,0,0,0
MM-10601A,NLA06608-0547,506573,7861,1,P,0,0.75,0
MM-10077A,NLA06608-0590,508393,7884,1,P,0,0,0
MM-10598A,NLA06608-0606,514863,7892,1,P,0,0.1,0
MM-09367A,NLA06608-0611,514673,7896,1,P,0,1.2,0
MM-09535A,NLA06608-0627,506593,7907,1,P,0,0.5,0
MM-11310A,NLA06608-0654,513673,7920,1,P,0,0,0
MM-10592A,NLA06608-0823,508793,8007,1,P,0,0,0
MM-11314A,NLA06608-0846,514873,8020,1,P,0,1.3,0
MM-09369A,NLA06608-0859,514683,8027,1,P,0,1.3,0
MM-10597A,NLA06608-0862,514303,8030,1,P,0,0,0
MM-10596A,NLA06608-0926,514663,8066,1,P,0,0,0
MM-10600A,NLA06608-1059,505733,8135,1,P,0,0.83,0
MM-11313A,NLA06608-1075,502763,8140,1,P,0,0.1,0
MM-10594A,NLA06608-1143,508693,8169,1,P,0,0,0
MM-11316A,NLA06608-1166,505363,8181,1,P,0,0,0
MM-10591A,NLA06608-1207,505373,8200,1,P,0,0,0
MM-09371A,NLA06608-1242,504423,8220,1,P,0,0.17,0
MM-10963A,NLA06608-ELS:2C2-048,503543,8809,1,P,0,0,0
MM-10964A,NLA06608-ELS:2C3-018,512283,8810,1,P,0,0,0
MM-09413A,NLA06608-WI:LOWES,503553,8917,1,P,0,0.18,0
MM-09414A,NLA06608-WI:SY,503573,8918,1,P,0,0,0
MM-09129A,NLA06608-0041,502583,7520,1,P,0,0,0
MM-09557A,NLA06608-0041,502493,7521,2,P,0,0,0
MM-09556A,NLA06608-0041,505903,7521,2,D,0,0,0
MM-09128A,NLA06608-0189,502743,7650,1,P,0,1.7,0
MM-09555A,NLA06608-0189,505643,7651,2,P,0,0,0
MM-09554A,NLA06608-0189,506013,7651,2,D,0,0,0
MM-09127A,NLA06608-0537,502643,7856,1,P,0,0,0
MM-09133A,NLA06608-0681,502753,7935,1,P,0,0,0
MM-09130A,NLA06608-0793,505893,7990,1,P,0,0,0
MM-09132A,NLA06608-0957,502543,8081,1,P,0,0,0
MM-09558A,NLA06608-1346,504693,8265,1,P,0,0,0
MM-09131A,NLA06608-1561,506003,8361,1,P,0,0,0
MM-12226A,NLA06608-R334,513733,8876,1,P,0,0,0
MM-12229A,NLA06608-R336,512273,8877,1,P,0,0,0
MM-09160A,NLA06608-0042,502133,7522,1,P,0,0,0
MM-09237A,NLA06608-0042,511663,7523,2,P,0,0,0
MM-09159A,NLA06608-0042,505923,7522,1,D,0,0,0
MM-09164A,NLA06608-0090,504963,7582,1,P,0,0,0
MM-09834A,NLA06608-0090,504103,7583,2,P,0,0,0
MM-09833A,NLA06608-0090,509303,7583,2,D,0,0,0
MM-08935A,NLA06608-0794,502183,7991,1,P,0,0,0
MM-09884A,NLA06608-0794,508573,7992,2,P,0,0,0
MM-09883A,NLA06608-0794,508603,7992,2,D,0,0,0
MM-09935A,NLA06608-0842,513213,8018,1,P,0,0,0
MM-08941A,NLA06608-0906,502773,8056,1,P,0,0,0
MM-08934A,NLA06608-0922,515203,8063,1,P,0,0,0
MM-11170A,NLA06608-0950,508403,8079,1,P,0,0,0
MM-08933A,NLA06608-0955,502793,8080,1,P,0,0,0
MM-08936A,NLA06608-0970,502173,8087,1,P,0,0,0
MM-09161A,NLA06608-1259,505943,8227,1,P,0,0,0
MM-11169A,NLA06608-1270,510373,8234,1,P,0,0,0
MM-08940A,NLA06608-1562,502783,8362,1,P,0,0,0
MM-09918A,NLA06608-1674,504123,8398,1,P,0,0,0
MM-09158A,NLA06608-1723,505813,8416,1,P,0,0,0
MM-09341A,NLA06608-1818,510523,8449,1,P,0,0,0
MM-09537A,NLA06608-1866,509283,8464,1,P,0,0,0
MM-09163A,NLA06608-2027,505953,8500,1,P,0,0,0
MM-09238A,NLA06608-2095,513163,8519,1,P,0,0,0
MM-09916A,NLA06608-2250,513713,8546,1,P,0,0,0
MM-09162A,NLA06608-2266,502153,8549,1,P,0,0,0
MM-09915A,NLA06608-2379,513743,8564,1,P,0,0,0.15
MM-09919A,NLA06608-2634,512713,8597,1,P,0,0,0
MM-10581A,NLA06608-2714,509923,8608,1,P,0,0,0
